P0,1,get_hit,16,32,1000000,3000000,2014297064 3197901626 1766840,6038884372 9617380612 1751163
P0,1,get_hit,24,32,1000000,3000000,2031369580 3227424610 1725442,6092456418 9683203705 1720150
P0,1,get_hit,40,32,1000000,3000000,2068244585 3267558194 1654825,6203925580 9803128591 1645796
P0,1,get_miss,16,32,1000000,3000000,2873296075 4033998877 1599722,8619119245 12105301933 1600619
P0,1,get_miss,24,32,1000000,3000000,2891521557 4063859912 1573129,8673692906 12180476888 1573892
P0,1,get_miss,40,32,1000000,3000000,2920594188 4087978775 1529207,8761313417 12246885802 1527661
P0,1,set_over,16,32,1000000,3000000,3168069616 4383276825 1484941,9505079763 13146075594 1484265
P0,1,set_over,24,32,1000000,3000000,3189356671 4398020903 1461803,9568578289 13190865038 1454945
P0,1,set_over,40,32,1000000,3000000,3230961280 4443515115 1391260,9692267363 13335299059 1392725
P0,1,mixed11,16,32,1000000,3000000,3534721247 4751258706 1423656,10603441463 14232842815 1421459
P0,1,mixed11,24,32,1000000,3000000,3556068611 4767546982 1402204,10668136176 14301576974 1366261
P0,1,mixed11,40,32,1000000,3000000,3598288399 4807401414 1357222,10794083553 14424324694 1354992
P0,1,mixed11x,16,32,1000000,3000000,2771135808 3986223446 1545696,8313608999 11955638672 1541018
P0,1,mixed11x,24,32,1000000,3000000,2791737255 4004893884 1519517,8374858344 11996403594 1515780
P0,1,mixed11x,40,32,1000000,3000000,2829941172 4037581346 1459843,8490588381 12113061022 1460064
P0,1,mixed11x_p8,16,8,1000000,3000000,3846811819 8564723115 646750,11541514718 25694385814 638679
C,1,get_hit,16,32,1000000,3000000,1953217982 3182316186 1775608,5855512373 9543086633 1774835
C,1,get_hit,24,32,1000000,3000000,1970043690 3199465009 1743368,5909504397 9599090962 1735112
C,1,get_hit,40,32,1000000,3000000,2007584816 3237117391 1667994,6021001601 9626062247 1684114
C,1,get_miss,16,32,1000000,3000000,2814281025 4016155354 1613606,8443448145 12046118741 1617597
C,1,get_miss,24,32,1000000,3000000,2829299162 4030022952 1578374,8487483204 12092626634 1596978
C,1,get_miss,40,32,1000000,3000000,2860109473 4061873780 1545334,8579681702 12186135930 1543145
C,1,set_over,16,32,1000000,3000000,3154307301 4402821232 1477874,9463965334 13208229749 1473168
C,1,set_over,24,32,1000000,3000000,3175940073 4424779996 1448923,9527068148 13271537422 1447222
C,1,set_over,40,32,1000000,3000000,3217473499 4461934522 1389682,9651607236 13315903503 1393853
C,1,mixed11,16,32,1000000,3000000,3514634688 4744648916 1424659,10543763501 14189406527 1420089
C,1,mixed11,24,32,1000000,3000000,3535870866 4755690300 1399739,10607041861 14278546133 1399001
C,1,mixed11,40,32,1000000,3000000,3578791175 4808746539 1355692,10735342405 14372467725 1358847
C,1,mixed11x,16,32,1000000,3000000,2751319059 3963708426 1554953,8253355262 11905306005 1551262
C,1,mixed11x,24,32,1000000,3000000,2771016854 3981570240 1525856,8314011763 11955690675 1514574
C,1,mixed11x,40,32,1000000,3000000,2810410867 4022595341 1472093,8430161430 12074045665 1469377
C,1,mixed11x_p8,16,8,1000000,3000000,3824176645 8541200500 646022,11471285775 25649086223 644686
C,1,get_hit,16,32,1000000,3000000,1953063431 3153733163 1784937,5855700739 9475357676 1780048
C,1,get_hit,24,32,1000000,3000000,1970048369 3171203950 1749898,5909397675 9504099085 1757002
C,1,get_hit,40,32,1000000,3000000,2009279265 3212149565 1679833,6026960712 9638608044 1683286
C,1,get_miss,16,32,1000000,3000000,2822091399 3981263462 1623616,8466415629 11939728386 1620089
C,1,get_miss,24,32,1000000,3000000,2842660445 4007051166 1587531,8527472351 12009911156 1590273
C,1,get_miss,40,32,1000000,3000000,2869691410 4029570066 1548207,8608518682 12099276766 1551451
C,1,set_over,16,32,1000000,3000000,3154457395 4359837134 1484246,9464190347 13089317895 1477058
C,1,set_over,24,32,1000000,3000000,3175544536 4386347012 1454272,9526103434 13155999782 1451389
C,1,set_over,40,32,1000000,3000000,3221018306 4434901885 1391989,9662570596 13312496196 1389974
C,1,mixed11,16,32,1000000,3000000,3514940807 4730147075 1431519,10544431423 14214154123 1437193
C,1,mixed11,24,32,1000000,3000000,3535514056 4758469141 1408912,10606251609 14234029672 1410612
C,1,mixed11,40,32,1000000,3000000,3582019296 4795519020 1366314,10745316708 14386202053 1369656
C,1,mixed11x,16,32,1000000,3000000,2751146782 3980311327 1567465,8252690673 11917204768 1556156
C,1,mixed11x,24,32,1000000,3000000,2771274048 3982216744 1530335,8313486883 11974955233 1524482
C,1,mixed11x,40,32,1000000,3000000,2812902740 4037026271 1470716,8438342564 12095892734 1474820
C,1,mixed11x_p8,16,8,1000000,3000000,3824636794 8558452523 652285,11473824639 25734622584 647279
P0,1,get_hit,16,32,1000000,3000000,2014351512 3212901323 1749768,6039127624 9629825848 1751267
P0,1,get_hit,24,32,1000000,3000000,2031928378 3231821624 1723821,6094791511 9708951041 1714858
P0,1,get_hit,40,32,1000000,3000000,2070542146 3268932947 1654345,6210190834 9806274599 1649174
P0,1,get_miss,16,32,1000000,3000000,2891198839 4050819825 1594627,8673220901 12156395243 1590636
P0,1,get_miss,24,32,1000000,3000000,2901300109 4064526652 1572224,8704339140 12190619779 1577775
P0,1,get_miss,40,32,1000000,3000000,2932892708 4092886361 1530616,8798426297 12279190979 1525443
P0,1,set_over,16,32,1000000,3000000,3168445707 4373776814 1479386,9504533549 13127794153 1479068
P0,1,set_over,24,32,1000000,3000000,3190153994 4396924244 1456894,9571604888 13189275385 1450743
P0,1,set_over,40,32,1000000,3000000,3234871816 4444622107 1397189,9704319659 13341609839 1390206
P0,1,mixed11,16,32,1000000,3000000,3534853397 4747491128 1422728,10604115753 14231851156 1417119
P0,1,mixed11,24,32,1000000,3000000,3556947647 4774933660 1392926,10670156047 14314157527 1398360
P0,1,mixed11,40,32,1000000,3000000,3602108183 4813304221 1349377,10805903520 14441455440 1350674
P0,1,mixed11x,16,32,1000000,3000000,2771747351 3974407733 1558020,8315343472 11953391778 1563272
P0,1,mixed11x,24,32,1000000,3000000,2791609126 4007947871 1514011,8374635094 11994688249 1517806
P0,1,mixed11x,40,32,1000000,3000000,2833174024 4037211959 1453394,8500591905 12117287597 1460789
P0,1,mixed11x_p8,16,8,1000000,3000000,3848063256 8562203015 640816,11541239621 25593636180 645492
P0,1,get_hit,16,32,1000000,3000000,2014265507 3207877695 1751366,6039610792 9624862623 1757976
P0,1,get_hit,24,32,1000000,3000000,2032545845 3237290300 1741038,6096204137 9682824448 1733760
P0,1,get_hit,40,32,1000000,3000000,2072967993 3264939092 1670408,6218181264 9825075657 1671184
P0,1,get_miss,16,32,1000000,3000000,2901504528 4061622848 1606375,8703687099 12184186854 1603664
P0,1,get_miss,24,32,1000000,3000000,2915952376 4081408540 1587420,8747626075 12240996538 1588927
P0,1,get_miss,40,32,1000000,3000000,2943021626 4115071676 1535930,8828545893 12377370420 1531348
P0,1,set_over,16,32,1000000,3000000,3168488594 4380512822 1493817,9505657057 13179566847 1483035
P0,1,set_over,24,32,1000000,3000000,3191758882 4411396702 1471589,9574532047 13244373686 1471754
P0,1,set_over,40,32,1000000,3000000,3240583659 4461088844 1400119,9719863812 13394758247 1406309
P0,1,mixed11,16,32,1000000,3000000,3535244736 4758323138 1437786,10605537953 14261177983 1434200
P0,1,mixed11,24,32,1000000,3000000,3558028008 4783164836 1411670,10673719395 14331302133 1412908
P0,1,mixed11,40,32,1000000,3000000,3607544635 4816913280 1366140,10821504902 14465077611 1366831
P0,1,mixed11x,16,32,1000000,3000000,2772449111 3984744988 1555393,8316675543 11943440473 1550992
P0,1,mixed11x,24,32,1000000,3000000,2792051497 4004764842 1544988,8377293766 12018916614 1533634
P0,1,mixed11x,40,32,1000000,3000000,2837393535 4047747010 1468704,8511663865 12154925587 1478038
P0,1,mixed11x_p8,16,8,1000000,3000000,3848385540 8545770790 646757,11543605119 25665435322 643806
C,1,get_hit,16,32,1000000,3000000,1953369487 3146720965 1758580,5855674229 9456778547 1783077
C,1,get_hit,24,32,1000000,3000000,1970294421 3161139426 1757103,5909558251 9495650079 1761956
C,1,get_hit,40,32,1000000,3000000,2007529234 3212485812 1696922,6021723489 9621670285 1700436
C,1,get_miss,16,32,1000000,3000000,2815231204 3975692927 1635001,8446233147 11919567137 1637871
C,1,get_miss,24,32,1000000,3000000,2831770470 3990374119 1614474,8494769646 11971313009 1612714
C,1,get_miss,40,32,1000000,3000000,2860772250 4020473441 1566055,8581783848 12059411932 1567066
C,1,set_over,16,32,1000000,3000000,3154909729 4361077254 1486474,9463490166 13079313368 1488139
C,1,set_over,24,32,1000000,3000000,3176154561 4383924720 1470496,9528036790 13148388652 1458973
C,1,set_over,40,32,1000000,3000000,3218418705 4427773631 1405362,9653928358 13284438489 1400854
C,1,mixed11,16,32,1000000,3000000,3514667465 4720635626 1450002,10543967698 14168159020 1445680
C,1,mixed11,24,32,1000000,3000000,3535997162 4742102282 1419971,10607855925 14226632486 1418566
C,1,mixed11,40,32,1000000,3000000,3578548971 4784082514 1376454,10737137265 14361452320 1376696
C,1,mixed11x,16,32,1000000,3000000,2751007812 3956013062 1562322,8253313014 11884595209 1568394
C,1,mixed11x,24,32,1000000,3000000,2771083220 3976046843 1540480,8313190692 11941255751 1539914
C,1,mixed11x,40,32,1000000,3000000,2809985470 4016050758 1486500,8428904540 12053706347 1495742
C,1,mixed11x_p8,16,8,1000000,3000000,3824255794 8528681557 653070,11472775236 25586241157 646322
