PRE,1,get_hit,16,32,1000000,3000000,2014246472 3207800400 1732074,6038981681 9621896388 1734912
PRE,1,get_hit,24,32,1000000,3000000,2032039516 3226564985 1709184,6095158766 9676850820 1709266
PRE,1,get_hit,40,32,1000000,3000000,2070481569 3265224126 1644115,6210156809 9797145543 1638197
PRE,1,get_miss,16,32,1000000,3000000,2890450701 4058089894 1581906,8670230573 12168575669 1591996
PRE,1,get_miss,24,32,1000000,3000000,2900693471 4069367812 1571013,8702225022 12204387853 1561061
PRE,1,get_miss,40,32,1000000,3000000,2930867356 4098585353 1497859,8791893863 12298921326 1519626
PRE,1,set_over,16,32,1000000,3000000,3168485072 4383476552 1474095,9505234675 13146312547 1478566
PRE,1,set_over,24,32,1000000,3000000,3190551683 4406370386 1446416,9573032121 13220801776 1437424
PRE,1,set_over,40,32,1000000,3000000,3234530614 4456270953 1358944,9705073669 13371903487 1360903
PRE,1,mixed11,16,32,1000000,3000000,3534687150 4751626804 1388436,10605260810 14255977523 1398449
PRE,1,mixed11,24,32,1000000,3000000,3556736423 4774265464 1379390,10671076497 14320203769 1382157
PRE,1,mixed11,40,32,1000000,3000000,3602360484 4821555796 1331180,10806942110 14460575149 1334713
PRE,1,mixed11_p8,16,8,1000000,3000000,4406083916 9130555777 611430,13185850988 27359205748 612634
POST,1,get_hit,16,32,1000000,3000000,1950150424 3147169632 1774304,5846620859 9436853646 1783640
POST,1,get_hit,24,32,1000000,3000000,1967204222 3166015446 1727471,5900249595 9485211577 1738949
POST,1,get_hit,40,32,1000000,3000000,2004733894 3203020306 1657183,6013225047 9608348484 1652908
POST,1,get_miss,16,32,1000000,3000000,2810809067 3980678704 1598671,8431311063 11935726884 1610388
POST,1,get_miss,24,32,1000000,3000000,2826980697 3996648362 1586805,8480789899 11994149014 1579931
POST,1,get_miss,40,32,1000000,3000000,2858229505 4029658307 1532693,8574312300 12086968470 1533997
POST,1,set_over,16,32,1000000,3000000,3162709559 4377678419 1477367,9488621910 13132897073 1475744
POST,1,set_over,24,32,1000000,3000000,3183535518 4400423316 1442114,9551611820 13202318761 1438653
POST,1,set_over,40,32,1000000,3000000,3226703815 4447989885 1378599,9679314953 13333132757 1349479
POST,1,mixed11,16,32,1000000,3000000,3520505871 4737380257 1400533,10560565282 14205731270 1414788
POST,1,mixed11,24,32,1000000,3000000,3541609476 4759118124 1380052,10624019763 14272652951 1370417
POST,1,mixed11,40,32,1000000,3000000,3585096198 4802065225 1325261,10754823431 14409119905 1314086
POST,1,mixed11_p8,16,8,1000000,3000000,4377027994 9092619361 613704,13132800967 27296980203 616761
PRE,1,get_hit,16,32,1000000,3000000,2014123767 3209340600 1754327,6038316416 9625675651 1756672
PRE,1,get_hit,24,32,1000000,3000000,2031037699 3227572807 1726673,6092316219 9683683336 1711804
PRE,1,get_hit,40,32,1000000,3000000,2068426143 3267543215 1629154,6204491866 9795731309 1638726
PRE,1,get_miss,16,32,1000000,3000000,2876737514 4045845253 1590621,8629251486 12130104443 1609934
PRE,1,get_miss,24,32,1000000,3000000,2889038721 4059320933 1584703,8668101652 12176890559 1572693
PRE,1,get_miss,40,32,1000000,3000000,2920607675 4090721156 1524943,8761470289 12272539055 1528993
PRE,1,set_over,16,32,1000000,3000000,3168151621 4384457656 1486104,9503623417 13143784448 1495492
PRE,1,set_over,24,32,1000000,3000000,3188831850 4405092723 1445527,9567300726 13212920030 1428378
PRE,1,set_over,40,32,1000000,3000000,3230881903 4451452591 1379749,9692399634 13349535129 1378471
PRE,1,mixed11,16,32,1000000,3000000,3534314707 4752043021 1406019,10602818553 14250654803 1420332
PRE,1,mixed11,24,32,1000000,3000000,3555465873 4772822800 1383847,10666035017 14316237430 1382017
PRE,1,mixed11,40,32,1000000,3000000,3598426018 4814050172 1334074,10794649922 14449190124 1340079
PRE,1,mixed11_p8,16,8,1000000,3000000,4394611195 9117119775 619596,13182261270 27342877490 618075
POST,1,get_hit,16,32,1000000,3000000,1950461499 3147603019 1771679,5846394894 9437131486 1779663
POST,1,get_hit,24,32,1000000,3000000,1966967351 3162845209 1737480,5899894523 9489461212 1731116
POST,1,get_hit,40,32,1000000,3000000,2004795235 3204332637 1655628,6013244940 9603110995 1662181
POST,1,get_miss,16,32,1000000,3000000,2812312897 3982063368 1592049,8436364541 11941438280 1606289
POST,1,get_miss,24,32,1000000,3000000,2827645227 3996264766 1578118,8481663656 11988534685 1571552
POST,1,get_miss,40,32,1000000,3000000,2857035855 4022929545 1526380,8570552324 12072829409 1522715
POST,1,set_over,16,32,1000000,3000000,3162571025 4377672871 1479817,9488829250 13128436680 1479123
POST,1,set_over,24,32,1000000,3000000,3183429158 4397048593 1446287,9550949102 13193630710 1447855
POST,1,set_over,40,32,1000000,3000000,3226596963 4448729458 1329193,9678349927 13341743662 1375133
POST,1,mixed11,16,32,1000000,3000000,3520464305 4736604200 1423660,10560878465 14203636431 1417967
POST,1,mixed11,24,32,1000000,3000000,3541187120 4756174373 1386207,10622473494 14267348930 1386570
POST,1,mixed11,40,32,1000000,3000000,3584787330 4803373979 1337732,10754078881 14408920326 1338674
POST,1,mixed11_p8,16,8,1000000,3000000,4377479892 9093034511 615463,13131675710 27293619600 614968
PRE,1,get_hit,16,32,1000000,3000000,2014079585 3202770780 1761650,6038355096 9624837609 1736144
PRE,1,get_hit,24,32,1000000,3000000,2031541517 3222595746 1716079,6093899429 9668426940 1706655
PRE,1,get_hit,40,32,1000000,3000000,2068586390 3262717872 1648618,6204768011 9791406622 1648822
PRE,1,get_miss,16,32,1000000,3000000,2875878673 4041580097 1587657,8627199619 12129354589 1587021
PRE,1,get_miss,24,32,1000000,3000000,2890677360 4060340338 1563892,8672178440 12174014029 1559923
PRE,1,get_miss,40,32,1000000,3000000,2922358310 4091549895 1509379,8766872513 12271448508 1507051
PRE,1,set_over,16,32,1000000,3000000,3168207447 4380583310 1488472,9503002699 13141026593 1482865
PRE,1,set_over,24,32,1000000,3000000,3189491487 4402688958 1444980,9570186600 13208567034 1446254
PRE,1,set_over,40,32,1000000,3000000,3231419626 4450632712 1370778,9695018434 13359496675 1374901
PRE,1,mixed11,16,32,1000000,3000000,3533875836 4748820595 1415442,10603001281 14245869943 1407651
PRE,1,mixed11,24,32,1000000,3000000,3556486315 4771479339 1392728,10668513357 14308687927 1384689
PRE,1,mixed11,40,32,1000000,3000000,3598893749 4814203552 1344198,10796555398 14441200918 1342693
PRE,1,mixed11_p8,16,8,1000000,3000000,4394983144 9098208660 618359,13183286223 27320505636 613742
POST,1,get_hit,16,32,1000000,3000000,1950048152 3145445243 1776948,5847010756 9435502094 1749334
POST,1,get_hit,24,32,1000000,3000000,1967514816 3159370770 1734667,5901456116 9488600467 1746716
POST,1,get_hit,40,32,1000000,3000000,2005974735 3202163275 1673340,6016882665 9598020897 1669099
POST,1,get_miss,16,32,1000000,3000000,2818649733 3984519575 1588334,8455049111 11953797105 1605404
POST,1,get_miss,24,32,1000000,3000000,2836535806 4001810096 1576841,8508893329 12008688430 1571848
POST,1,get_miss,40,32,1000000,3000000,2865510893 4034846904 1528249,8595631005 12101897278 1528847
POST,1,set_over,16,32,1000000,3000000,3162701076 4374272794 1473286,9488931127 13125919610 1467970
POST,1,set_over,24,32,1000000,3000000,3184146822 4397998264 1440214,9553414194 13192075605 1430405
POST,1,set_over,40,32,1000000,3000000,3228643087 4450009990 1381292,9685651028 13347644347 1381526
POST,1,mixed11,16,32,1000000,3000000,3520797931 4725257362 1402673,10561692266 14169741013 1420486
POST,1,mixed11,24,32,1000000,3000000,3541948416 4743584168 1392245,10625737084 14233864493 1387499
POST,1,mixed11,40,32,1000000,3000000,3586928235 4789484040 1346949,10760162591 14382077495 1353809
POST,1,mixed11_p8,16,8,1000000,3000000,4377951025 9097000034 611583,13133919526 27296380535 605928
PRE,1,get_hit,16,32,1000000,3000000,2014292535 3211082243 1771774,6038562257 9632503773 1764040
PRE,1,get_hit,24,32,1000000,3000000,2031268734 3226593370 1723954,6092483556 9680889040 1729239
PRE,1,get_hit,40,32,1000000,3000000,2069003922 3268983188 1664981,6205491693 9797150321 1671415
PRE,1,get_miss,16,32,1000000,3000000,2877701936 4045509191 1604575,8632145298 12140532996 1608831
PRE,1,get_miss,24,32,1000000,3000000,2890845888 4059536551 1600351,8672134252 12179316162 1591658
PRE,1,get_miss,40,32,1000000,3000000,2923645423 4092928663 1521945,8770219828 12271907826 1524073
PRE,1,set_over,16,32,1000000,3000000,3167875634 4382836900 1488615,9504013078 13149546470 1478480
PRE,1,set_over,24,32,1000000,3000000,3188849954 4403806337 1459188,9568274634 13212302274 1454108
PRE,1,set_over,40,32,1000000,3000000,3232112905 4456393822 1400037,9695400709 13368523784 1398772
PRE,1,mixed11,16,32,1000000,3000000,3534478424 4750481227 1422866,10602937879 14252859217 1421473
PRE,1,mixed11,24,32,1000000,3000000,3555601288 4772822986 1409626,10666785114 14323175940 1403837
PRE,1,mixed11,40,32,1000000,3000000,3599436601 4819418796 1358807,10797532680 14454836380 1358490
PRE,1,mixed11_p8,16,8,1000000,3000000,4394410113 9118449509 615847,13184948287 27359573987 615607
POST,1,get_hit,16,32,1000000,3000000,1949863463 3146591469 1787411,5845279290 9439395178 1779084
POST,1,get_hit,24,32,1000000,3000000,1967033167 3164029063 1764621,5900179002 9485728054 1757881
POST,1,get_hit,40,32,1000000,3000000,2004119387 3203361217 1692385,6011764794 9611440334 1694116
POST,1,get_miss,16,32,1000000,3000000,2812045064 3981455573 1621193,8436788067 11941333813 1605152
POST,1,get_miss,24,32,1000000,3000000,2827678370 3998165969 1592275,8482900479 11990327954 1583828
POST,1,get_miss,40,32,1000000,3000000,2854792379 4026259757 1534616,8563728370 12073437230 1539990
POST,1,set_over,16,32,1000000,3000000,3162216774 4379678298 1469964,9487431378 13130434417 1483245
POST,1,set_over,24,32,1000000,3000000,3184626740 4401868303 1452717,9552914061 13196046390 1459223
POST,1,set_over,40,32,1000000,3000000,3225724254 4448078476 1396311,9676243499 13342091632 1388852
POST,1,mixed11,16,32,1000000,3000000,3520081301 4737133212 1427304,10559720641 14212216778 1420800
POST,1,mixed11,24,32,1000000,3000000,3541740765 4759605485 1404040,10624869945 14278982923 1403557
POST,1,mixed11,40,32,1000000,3000000,3583890656 4801827424 1360990,10751045326 14407147046 1361047
POST,1,mixed11_p8,16,8,1000000,3000000,4377642248 9091838719 618866,13132090811 27302414286 614901
