round	fork	config	cell	ops	note
1	2s	2s_thr_io4w4	GET_d32_P32	6771669.95	
1	2s	2s_thr_io4w4	GET_d256_P32	2651896.94	
1	2s	2s_thr_io4w4	SET_d256_P32	4533581.75	
1	2s	2s_thr_io4w4	GET_d1024_P32	2081184.51	
1	2s	2s_thr_io4w4	MIX_d64_P16	4843315.55	
1	2s	2s_thr_io4w4	HOT_G256	1579780.45	
1	2s	2s_thr_io4w4	FB_ETC	1546918.36	
1	2s	2s_thr_io6w4	GET_d32_P32	8002894.60	
1	2s	2s_thr_io6w4	GET_d256_P32	2780978.66	
1	2s	2s_thr_io6w4	SET_d256_P32	5498677.02	
1	2s	2s_thr_io6w4	GET_d1024_P32	2356403.44	
1	2s	2s_thr_io6w4	MIX_d64_P16	5765270.91	
1	2s	2s_thr_io6w4	HOT_G256	1664488.84	
1	2s	2s_thr_io6w4	FB_ETC	2024544.14	
1	2s	2s_thr_io8w4	GET_d32_P32	7713345.67	
1	2s	2s_thr_io8w4	GET_d256_P32	2974397.93	
1	2s	2s_thr_io8w4	SET_d256_P32	5378138.22	
1	2s	2s_thr_io8w4	GET_d1024_P32	2562623.43	
1	2s	2s_thr_io8w4	MIX_d64_P16	5649741.70	
1	2s	2s_thr_io8w4	HOT_G256	1761582.56	
1	2s	2s_thr_io8w4	FB_ETC	1722223.83	
1	2s	2s_thr_io4w2	GET_d32_P32	5432042.75	
1	2s	2s_thr_io4w2	GET_d256_P32	2491036.78	
1	2s	2s_thr_io4w2	SET_d256_P32	3206504.22	
1	2s	2s_thr_io4w2	GET_d1024_P32	2131225.58	
1	2s	2s_thr_io4w2	MIX_d64_P16	4139715.31	
1	2s	2s_thr_io4w2	HOT_G256	1477054.70	
1	2s	2s_thr_io4w2	FB_ETC	1483461.84	
1	2s	2s_thr_io2w8	GET_d32_P32	3704670.22	
1	2s	2s_thr_io2w8	GET_d256_P32	1963606.79	
1	2s	2s_thr_io2w8	SET_d256_P32	2876319.16	
1	2s	2s_thr_io2w8	GET_d1024_P32	1459029.38	
1	2s	2s_thr_io2w8	MIX_d64_P16	2617510.80	
1	2s	2s_thr_io2w8	HOT_G256	1030120.53	
1	2s	2s_thr_io2w8	FB_ETC	981020.74	
1	2s	2s_knob_dirty	GET_d32_P32	7972547.65	
1	2s	2s_knob_dirty	GET_d256_P32	2942606.27	
1	2s	2s_knob_dirty	SET_d256_P32	5411400.55	
1	2s	2s_knob_dirty	GET_d1024_P32	2391622.11	
1	2s	2s_knob_dirty	MIX_d64_P16	5722201.58	
1	2s	2s_knob_dirty	HOT_G256	1708849.71	
1	2s	2s_knob_dirty	FB_ETC	1585452.74	
1	2s	2s_knob_mcdb	GET_d32_P32	7775805.93	
1	2s	2s_knob_mcdb	GET_d256_P32	2790390.90	
1	2s	2s_knob_mcdb	SET_d256_P32	5526534.48	
1	2s	2s_knob_mcdb	GET_d1024_P32	2411978.42	
1	2s	2s_knob_mcdb	MIX_d64_P16	5819931.50	
1	2s	2s_knob_mcdb	HOT_G256	1691626.59	
1	2s	2s_knob_mcdb	FB_ETC	1629112.65	
1	2s	2s_knob_nextop	GET_d32_P32	7966127.26	
1	2s	2s_knob_nextop	GET_d256_P32	2869519.03	
1	2s	2s_knob_nextop	SET_d256_P32	5248567.43	
1	2s	2s_knob_nextop	GET_d1024_P32	2383360.78	
1	2s	2s_knob_nextop	MIX_d64_P16	5780466.81	
1	2s	2s_knob_nextop	HOT_G256	1641165.61	
1	2s	2s_knob_nextop	FB_ETC	1591094.83	
1	2s	2s_knob_uring	GET_d32_P32	7506575.57	
1	2s	2s_knob_uring	GET_d256_P32	2782550.31	
1	2s	2s_knob_uring	SET_d256_P32	5140826.95	
1	2s	2s_knob_uring	GET_d1024_P32	2308784.50	
1	2s	2s_knob_uring	MIX_d64_P16	5425395.14	
1	2s	2s_knob_uring	HOT_G256	1596700.21	
1	2s	2s_knob_uring	FB_ETC	1572929.21	
1	2s	2s_knob_allopt	GET_d32_P32	8157862.62	
1	2s	2s_knob_allopt	GET_d256_P32	2887980.96	
1	2s	2s_knob_allopt	SET_d256_P32	5266488.85	
1	2s	2s_knob_allopt	GET_d1024_P32	2419566.63	
1	2s	2s_knob_allopt	MIX_d64_P16	5775174.13	
1	2s	2s_knob_allopt	HOT_G256	1620758.32	
1	2s	2s_knob_allopt	FB_ETC	1614293.12	
1	2s	2s_allopt_full	GET_d32_P32	7564859.58	
1	2s	2s_allopt_full	GET_d256_P32	2742572.38	
1	2s	2s_allopt_full	SET_d256_P32	5371607.74	
1	2s	2s_allopt_full	GET_d1024_P32	2272679.29	
1	2s	2s_allopt_full	MIX_d64_P16	5246281.44	
1	2s	2s_allopt_full	HOT_G256	1599690.88	
1	2s	2s_allopt_full	FB_ETC	1553268.75	
1	2s	2s_loo_nodirty	GET_d32_P32	7496128.57	
1	2s	2s_loo_nodirty	GET_d256_P32	2765954.09	
1	2s	2s_loo_nodirty	SET_d256_P32	4908542.46	
1	2s	2s_loo_nodirty	GET_d1024_P32	2230863.89	
1	2s	2s_loo_nodirty	MIX_d64_P16	5275886.83	
1	2s	2s_loo_nodirty	HOT_G256	1602337.08	
1	2s	2s_loo_nodirty	FB_ETC	1523368.22	
1	2s	2s_loo_nomcdb	GET_d32_P32	7619367.30	
1	2s	2s_loo_nomcdb	GET_d256_P32	2817040.14	
1	2s	2s_loo_nomcdb	SET_d256_P32	5051102.86	
1	2s	2s_loo_nomcdb	GET_d1024_P32	2321719.91	
1	2s	2s_loo_nomcdb	MIX_d64_P16	5315660.37	
1	2s	2s_loo_nomcdb	HOT_G256	1583290.16	
1	2s	2s_loo_nomcdb	FB_ETC	1570503.72	
1	2s	2s_loo_nonextop	GET_d32_P32	7461754.60	
1	2s	2s_loo_nonextop	GET_d256_P32	2790504.87	
1	2s	2s_loo_nonextop	SET_d256_P32	5251009.06	
1	2s	2s_loo_nonextop	GET_d1024_P32	2344200.97	
1	2s	2s_loo_nonextop	MIX_d64_P16	5314774.22	
1	2s	2s_loo_nonextop	HOT_G256	1600046.93	
1	2s	2s_loo_nonextop	FB_ETC	1580613.62	
1	2s	2s_loo_nouring	GET_d32_P32	7893913.16	
1	2s	2s_loo_nouring	GET_d256_P32	3053284.22	
1	2s	2s_loo_nouring	SET_d256_P32	5324570.78	
1	2s	2s_loo_nouring	GET_d1024_P32	2395530.58	
1	2s	2s_loo_nouring	MIX_d64_P16	5733318.59	
1	2s	2s_loo_nouring	HOT_G256	1883713.97	
1	2s	2s_loo_nouring	FB_ETC	1791548.45	
1	2s	2s_val_nextop4	GET_d32_P32	8014039.11	
1	2s	2s_val_nextop4	GET_d256_P32	2803472.97	
1	2s	2s_val_nextop4	SET_d256_P32	5427006.19	
1	2s	2s_val_nextop4	GET_d1024_P32	2406666.10	
1	2s	2s_val_nextop4	MIX_d64_P16	5799010.24	
1	2s	2s_val_nextop4	HOT_G256	1690400.70	
1	2s	2s_val_nextop4	FB_ETC	1648749.12	
1	2s	2s_val_nextop16	GET_d32_P32	8043377.24	
1	2s	2s_val_nextop16	GET_d256_P32	2810802.45	
1	2s	2s_val_nextop16	SET_d256_P32	5514216.71	
1	2s	2s_val_nextop16	GET_d1024_P32	2361797.21	
1	2s	2s_val_nextop16	MIX_d64_P16	5827778.78	
1	2s	2s_val_nextop16	HOT_G256	1641450.81	
1	2s	2s_val_nextop16	FB_ETC	1614880.44	
1	2s	2s_val_nextop64	GET_d32_P32	8147999.45	
1	2s	2s_val_nextop64	GET_d256_P32	2931977.57	
1	2s	2s_val_nextop64	SET_d256_P32	5307371.60	
1	2s	2s_val_nextop64	GET_d1024_P32	2404976.95	
1	2s	2s_val_nextop64	MIX_d64_P16	5764421.86	
1	2s	2s_val_nextop64	HOT_G256	1669740.02	
1	2s	2s_val_nextop64	FB_ETC	1588917.51	
1	2s	2s_val_numcdb2	GET_d32_P32	7882604.05	
1	2s	2s_val_numcdb2	GET_d256_P32	2869194.85	
1	2s	2s_val_numcdb2	SET_d256_P32	5215411.52	
1	2s	2s_val_numcdb2	GET_d1024_P32	2381981.70	
1	2s	2s_val_numcdb2	MIX_d64_P16	5681915.84	
1	2s	2s_val_numcdb2	HOT_G256	1630069.27	
1	2s	2s_val_numcdb2	FB_ETC	1620158.14	
1	2s	2s_val_numcdb4	GET_d32_P32	7862461.08	
1	2s	2s_val_numcdb4	GET_d256_P32	2953652.67	
1	2s	2s_val_numcdb4	SET_d256_P32	5235202.25	
1	2s	2s_val_numcdb4	GET_d1024_P32	2365176.58	
1	2s	2s_val_numcdb4	MIX_d64_P16	5823189.65	
1	2s	2s_val_numcdb4	HOT_G256	1604031.18	
1	2s	2s_val_numcdb4	FB_ETC	1665012.26	
1	3s	3s_thr_i4e4w2	GET_d32_P32	4927601.61	
1	3s	3s_thr_i4e4w2	GET_d256_P32	4113042.58	
1	3s	3s_thr_i4e4w2	SET_d256_P32	4204734.86	
1	3s	3s_thr_i4e4w2	GET_d1024_P32	2804478.93	
1	3s	3s_thr_i4e4w2	MIX_d64_P16	4955151.74	
1	3s	3s_thr_i4e4w2	HOT_G256	2355053.84	
1	3s	3s_thr_i4e4w2	FB_ETC	2281885.17	
1	3s	3s_thr_i3e4w3	GET_d32_P32	4889884.83	
1	3s	3s_thr_i3e4w3	GET_d256_P32	4195071.91	
1	3s	3s_thr_i3e4w3	SET_d256_P32	4053036.59	
1	3s	3s_thr_i3e4w3	GET_d1024_P32	2901828.51	
1	3s	3s_thr_i3e4w3	MIX_d64_P16	4833898.49	
1	3s	3s_thr_i3e4w3	HOT_G256	2359561.54	
1	3s	3s_thr_i3e4w3	FB_ETC	2366141.69	
1	3s	3s_thr_i4e3w3	GET_d32_P32	6002629.13	
1	3s	3s_thr_i4e3w3	GET_d256_P32	4584903.95	
1	3s	3s_thr_i4e3w3	SET_d256_P32	4333629.29	
1	3s	3s_thr_i4e3w3	GET_d1024_P32	2962519.42	
1	3s	3s_thr_i4e3w3	MIX_d64_P16	5016714.14	
1	3s	3s_thr_i4e3w3	HOT_G256	3167522.19	
1	3s	3s_thr_i4e3w3	FB_ETC	3091960.15	
1	3s	3s_thr_i2e4w4	GET_d32_P32	0	
1	3s	3s_thr_i2e4w4	GET_d256_P32	0	
1	3s	3s_thr_i2e4w4	SET_d256_P32	0	
1	3s	3s_thr_i2e4w4	GET_d1024_P32	0	
1	3s	3s_thr_i2e4w4	MIX_d64_P16	0	
1	3s	3s_thr_i2e4w4	HOT_G256	0	
1	3s	3s_thr_i2e4w4	FB_ETC	0	
1	3s	3s_thr_i4e2w4	GET_d32_P32	5609542.33	
1	3s	3s_thr_i4e2w4	GET_d256_P32	4029457.90	
1	3s	3s_thr_i4e2w4	SET_d256_P32	3653956.12	
1	3s	3s_thr_i4e2w4	GET_d1024_P32	2876786.24	
1	3s	3s_thr_i4e2w4	MIX_d64_P16	4418872.95	
1	3s	3s_thr_i4e2w4	HOT_G256	3183448.38	
1	3s	3s_thr_i4e2w4	FB_ETC	3124549.00	
1	3s	3s_knob_tiered	GET_d32_P32	4949881.49	
1	3s	3s_knob_tiered	GET_d256_P32	4104420.96	
1	3s	3s_knob_tiered	SET_d256_P32	4171927.78	
1	3s	3s_knob_tiered	GET_d1024_P32	2869439.17	
1	3s	3s_knob_tiered	MIX_d64_P16	4828176.99	
1	3s	3s_knob_tiered	HOT_G256	2364736.91	
1	3s	3s_knob_tiered	FB_ETC	2295423.60	
1	3s	3s_knob_dirty	GET_d32_P32	4916160.17	
1	3s	3s_knob_dirty	GET_d256_P32	4079272.24	
1	3s	3s_knob_dirty	SET_d256_P32	4297054.61	
1	3s	3s_knob_dirty	GET_d1024_P32	2843410.01	
1	3s	3s_knob_dirty	MIX_d64_P16	4769342.48	
1	3s	3s_knob_dirty	HOT_G256	2382065.19	
1	3s	3s_knob_dirty	FB_ETC	2270064.46	
1	3s	3s_knob_mcdb	GET_d32_P32	4963878.78	
1	3s	3s_knob_mcdb	GET_d256_P32	4104627.05	
1	3s	3s_knob_mcdb	SET_d256_P32	4211813.30	
1	3s	3s_knob_mcdb	GET_d1024_P32	2785276.64	
1	3s	3s_knob_mcdb	MIX_d64_P16	4862263.51	
1	3s	3s_knob_mcdb	HOT_G256	2376343.66	
1	3s	3s_knob_mcdb	FB_ETC	2295608.79	
1	3s	3s_knob_nextop	GET_d32_P32	4936516.05	
1	3s	3s_knob_nextop	GET_d256_P32	4107111.70	
1	3s	3s_knob_nextop	SET_d256_P32	4191289.56	
1	3s	3s_knob_nextop	GET_d1024_P32	2822775.64	
1	3s	3s_knob_nextop	MIX_d64_P16	4823921.62	
1	3s	3s_knob_nextop	HOT_G256	2346279.38	
1	3s	3s_knob_nextop	FB_ETC	2339273.27	
1	3s	3s_knob_wbepoll	GET_d32_P32	4809306.22	
1	3s	3s_knob_wbepoll	GET_d256_P32	4018598.39	
1	3s	3s_knob_wbepoll	SET_d256_P32	4421208.66	
1	3s	3s_knob_wbepoll	GET_d1024_P32	2872920.79	
1	3s	3s_knob_wbepoll	MIX_d64_P16	5268144.48	
1	3s	3s_knob_wbepoll	HOT_G256	2372146.65	
1	3s	3s_knob_wbepoll	FB_ETC	2308323.02	
1	3s	3s_knob_allopt	GET_d32_P32	5007353.11	
1	3s	3s_knob_allopt	GET_d256_P32	4139921.15	
1	3s	3s_knob_allopt	SET_d256_P32	4143650.26	
1	3s	3s_knob_allopt	GET_d1024_P32	2818450.36	
1	3s	3s_knob_allopt	MIX_d64_P16	4890811.65	
1	3s	3s_knob_allopt	HOT_G256	2419293.94	
1	3s	3s_knob_allopt	FB_ETC	2368710.48	
1	3s	3s_allopt_full	GET_d32_P32	4893139.53	
1	3s	3s_allopt_full	GET_d256_P32	4127746.22	
1	3s	3s_allopt_full	SET_d256_P32	4183021.39	
1	3s	3s_allopt_full	GET_d1024_P32	2842145.26	
1	3s	3s_allopt_full	MIX_d64_P16	4820721.61	
1	3s	3s_allopt_full	HOT_G256	2379067.63	
1	3s	3s_allopt_full	FB_ETC	2314978.43	
1	3s	3s_loo_notiered	GET_d32_P32	4822075.17	
1	3s	3s_loo_notiered	GET_d256_P32	4026568.17	
1	3s	3s_loo_notiered	SET_d256_P32	4280538.53	
1	3s	3s_loo_notiered	GET_d1024_P32	2834582.56	
1	3s	3s_loo_notiered	MIX_d64_P16	4761397.33	
1	3s	3s_loo_notiered	HOT_G256	2395663.00	
1	3s	3s_loo_notiered	FB_ETC	2297972.59	
1	3s	3s_loo_nodirty	GET_d32_P32	4975217.06	
1	3s	3s_loo_nodirty	GET_d256_P32	4011462.61	
1	3s	3s_loo_nodirty	SET_d256_P32	4258653.48	
1	3s	3s_loo_nodirty	GET_d1024_P32	2813800.29	
1	3s	3s_loo_nodirty	MIX_d64_P16	4787222.85	
1	3s	3s_loo_nodirty	HOT_G256	2387279.86	
1	3s	3s_loo_nodirty	FB_ETC	2297968.08	
1	3s	3s_loo_nomcdb	GET_d32_P32	4882966.78	
1	3s	3s_loo_nomcdb	GET_d256_P32	4043971.86	
1	3s	3s_loo_nomcdb	SET_d256_P32	4287489.57	
1	3s	3s_loo_nomcdb	GET_d1024_P32	2730134.15	
1	3s	3s_loo_nomcdb	MIX_d64_P16	4810758.45	
1	3s	3s_loo_nomcdb	HOT_G256	2464129.22	
1	3s	3s_loo_nomcdb	FB_ETC	2365536.04	
1	3s	3s_loo_nonextop	GET_d32_P32	4946274.15	
1	3s	3s_loo_nonextop	GET_d256_P32	4041157.18	
1	3s	3s_loo_nonextop	SET_d256_P32	4172957.49	
1	3s	3s_loo_nonextop	GET_d1024_P32	2874541.19	
1	3s	3s_loo_nonextop	MIX_d64_P16	4987660.35	
1	3s	3s_loo_nonextop	HOT_G256	2370527.17	
1	3s	3s_loo_nonextop	FB_ETC	2302738.97	
1	3s	3s_val_nextop4	GET_d32_P32	5007978.06	
1	3s	3s_val_nextop4	GET_d256_P32	4007140.07	
1	3s	3s_val_nextop4	SET_d256_P32	4230270.75	
1	3s	3s_val_nextop4	GET_d1024_P32	2844700.80	
1	3s	3s_val_nextop4	MIX_d64_P16	4857288.41	
1	3s	3s_val_nextop4	HOT_G256	2367639.89	
1	3s	3s_val_nextop4	FB_ETC	2312387.08	
1	3s	3s_val_nextop16	GET_d32_P32	4868580.68	
1	3s	3s_val_nextop16	GET_d256_P32	4097584.92	
1	3s	3s_val_nextop16	SET_d256_P32	4291316.90	
1	3s	3s_val_nextop16	GET_d1024_P32	2791011.99	
1	3s	3s_val_nextop16	MIX_d64_P16	4955933.84	
1	3s	3s_val_nextop16	HOT_G256	2368866.81	
1	3s	3s_val_nextop16	FB_ETC	2367814.01	
1	3s	3s_val_nextop64	GET_d32_P32	4970314.97	
1	3s	3s_val_nextop64	GET_d256_P32	4075017.33	
1	3s	3s_val_nextop64	SET_d256_P32	4248752.85	
1	3s	3s_val_nextop64	GET_d1024_P32	2843249.14	
1	3s	3s_val_nextop64	MIX_d64_P16	4732000.98	
1	3s	3s_val_nextop64	HOT_G256	2364751.76	
1	3s	3s_val_nextop64	FB_ETC	2307352.94	
1	3s	3s_val_numcdb2	GET_d32_P32	4940178.85	
1	3s	3s_val_numcdb2	GET_d256_P32	4070313.76	
1	3s	3s_val_numcdb2	SET_d256_P32	4224722.96	
1	3s	3s_val_numcdb2	GET_d1024_P32	2814728.52	
1	3s	3s_val_numcdb2	MIX_d64_P16	4784285.92	
1	3s	3s_val_numcdb2	HOT_G256	2341265.80	
1	3s	3s_val_numcdb2	FB_ETC	2314383.65	
1	3s	3s_val_numcdb4	GET_d32_P32	4919432.87	
1	3s	3s_val_numcdb4	GET_d256_P32	4070209.39	
1	3s	3s_val_numcdb4	SET_d256_P32	4227160.40	
1	3s	3s_val_numcdb4	GET_d1024_P32	2914196.22	
1	3s	3s_val_numcdb4	MIX_d64_P16	4820581.60	
1	3s	3s_val_numcdb4	HOT_G256	2391968.87	
1	3s	3s_val_numcdb4	FB_ETC	2357313.11	
1	base	base_redis	GET_d32_P32	4464740.03	
1	base	base_redis	GET_d256_P32	4081944.73	
1	base	base_redis	SET_d256_P32	3516767.91	
1	base	base_redis	GET_d1024_P32	3308175.66	
1	base	base_redis	MIX_d64_P16	4035554.63	
1	base	base_redis	HOT_G256	3560374.04	
1	base	base_redis	FB_ETC	3276802.53	
1	base	base_keydb	GET_d32_P32	3386273.59	
1	base	base_keydb	GET_d256_P32	3437280.47	
1	base	base_keydb	SET_d256_P32	2035529.43	
1	base	base_keydb	GET_d1024_P32	1993574.11	
1	base	base_keydb	MIX_d64_P16	2755449.74	
1	base	base_keydb	HOT_G256	2885077.29	
1	base	base_keydb	FB_ETC	2897615.33	
1	base	base_dragonfly	GET_d32_P32	6025385.02	
1	base	base_dragonfly	GET_d256_P32	1264395.11	
1	base	base_dragonfly	SET_d256_P32	4879257.33	
1	base	base_dragonfly	GET_d1024_P32	1121399.26	
1	base	base_dragonfly	MIX_d64_P16	4458067.11	
1	base	base_dragonfly	HOT_G256	1185204.16	
1	base	base_dragonfly	FB_ETC	3010951.16	
2	2s	2s_thr_io4w4	GET_d32_P32	7049735.22	
2	2s	2s_thr_io4w4	GET_d256_P32	2524760.34	
2	2s	2s_thr_io4w4	SET_d256_P32	4568777.48	
2	2s	2s_thr_io4w4	GET_d1024_P32	2101760.49	
2	2s	2s_thr_io4w4	MIX_d64_P16	4927417.69	
2	2s	2s_thr_io4w4	HOT_G256	1548081.95	
2	2s	2s_thr_io4w4	FB_ETC	1825162.30	
2	2s	2s_thr_io6w4	GET_d32_P32	8089388.47	
2	2s	2s_thr_io6w4	GET_d256_P32	2746717.14	
2	2s	2s_thr_io6w4	SET_d256_P32	5354629.52	
2	2s	2s_thr_io6w4	GET_d1024_P32	2375381.58	
2	2s	2s_thr_io6w4	MIX_d64_P16	5779647.86	
2	2s	2s_thr_io6w4	HOT_G256	1635759.61	
2	2s	2s_thr_io6w4	FB_ETC	1609294.87	
2	2s	2s_thr_io8w4	GET_d32_P32	7660786.60	
2	2s	2s_thr_io8w4	GET_d256_P32	2966904.92	
2	2s	2s_thr_io8w4	SET_d256_P32	5333783.48	
2	2s	2s_thr_io8w4	GET_d1024_P32	2571094.25	
2	2s	2s_thr_io8w4	MIX_d64_P16	5581249.15	
2	2s	2s_thr_io8w4	HOT_G256	1739428.04	
2	2s	2s_thr_io8w4	FB_ETC	1697111.09	
2	2s	2s_thr_io4w2	GET_d32_P32	5712618.80	
2	2s	2s_thr_io4w2	GET_d256_P32	2588081.48	
2	2s	2s_thr_io4w2	SET_d256_P32	3380223.89	
2	2s	2s_thr_io4w2	GET_d1024_P32	2124076.87	
2	2s	2s_thr_io4w2	MIX_d64_P16	4082496.60	
2	2s	2s_thr_io4w2	HOT_G256	1463327.87	
2	2s	2s_thr_io4w2	FB_ETC	1453192.97	
2	2s	2s_thr_io2w8	GET_d32_P32	3685472.03	
2	2s	2s_thr_io2w8	GET_d256_P32	1682729.67	
2	2s	2s_thr_io2w8	SET_d256_P32	2881723.95	
2	2s	2s_thr_io2w8	GET_d1024_P32	1734853.12	
2	2s	2s_thr_io2w8	MIX_d64_P16	2634947.45	
2	2s	2s_thr_io2w8	HOT_G256	1019416.11	
2	2s	2s_thr_io2w8	FB_ETC	1009996.09	
2	2s	2s_knob_dirty	GET_d32_P32	7913086.94	
2	2s	2s_knob_dirty	GET_d256_P32	2780556.49	
2	2s	2s_knob_dirty	SET_d256_P32	5244526.08	
2	2s	2s_knob_dirty	GET_d1024_P32	2366284.81	
2	2s	2s_knob_dirty	MIX_d64_P16	5741802.15	
2	2s	2s_knob_dirty	HOT_G256	1660232.25	
2	2s	2s_knob_dirty	FB_ETC	1625770.15	
2	2s	2s_knob_mcdb	GET_d32_P32	7990385.36	
2	2s	2s_knob_mcdb	GET_d256_P32	2872855.08	
2	2s	2s_knob_mcdb	SET_d256_P32	5265499.91	
2	2s	2s_knob_mcdb	GET_d1024_P32	2388836.48	
2	2s	2s_knob_mcdb	MIX_d64_P16	5778761.85	
2	2s	2s_knob_mcdb	HOT_G256	1642211.78	
2	2s	2s_knob_mcdb	FB_ETC	1725160.60	
2	2s	2s_knob_nextop	GET_d32_P32	7888675.70	
2	2s	2s_knob_nextop	GET_d256_P32	2822416.77	
2	2s	2s_knob_nextop	SET_d256_P32	5550679.29	
2	2s	2s_knob_nextop	GET_d1024_P32	2377912.90	
2	2s	2s_knob_nextop	MIX_d64_P16	5788020.30	
2	2s	2s_knob_nextop	HOT_G256	1635248.08	
2	2s	2s_knob_nextop	FB_ETC	1620874.71	
2	2s	2s_knob_uring	GET_d32_P32	7472942.07	
2	2s	2s_knob_uring	GET_d256_P32	2725650.59	
2	2s	2s_knob_uring	SET_d256_P32	5184069.14	
2	2s	2s_knob_uring	GET_d1024_P32	2225623.31	
2	2s	2s_knob_uring	MIX_d64_P16	5189641.70	
2	2s	2s_knob_uring	HOT_G256	1584313.52	
2	2s	2s_knob_uring	FB_ETC	1555299.75	
2	2s	2s_knob_allopt	GET_d32_P32	8008231.54	
2	2s	2s_knob_allopt	GET_d256_P32	2898104.86	
2	2s	2s_knob_allopt	SET_d256_P32	5187548.12	
2	2s	2s_knob_allopt	GET_d1024_P32	2380447.20	
2	2s	2s_knob_allopt	MIX_d64_P16	5702913.73	
2	2s	2s_knob_allopt	HOT_G256	1659788.21	
2	2s	2s_knob_allopt	FB_ETC	1578024.47	
2	2s	2s_allopt_full	GET_d32_P32	7600374.80	
2	2s	2s_allopt_full	GET_d256_P32	2670326.05	
2	2s	2s_allopt_full	SET_d256_P32	5272265.49	
2	2s	2s_allopt_full	GET_d1024_P32	2235586.56	
2	2s	2s_allopt_full	MIX_d64_P16	5247673.78	
2	2s	2s_allopt_full	HOT_G256	1556151.83	
2	2s	2s_allopt_full	FB_ETC	1562822.12	
2	2s	2s_loo_nodirty	GET_d32_P32	7609308.73	
2	2s	2s_loo_nodirty	GET_d256_P32	2834356.97	
2	2s	2s_loo_nodirty	SET_d256_P32	5277335.98	
2	2s	2s_loo_nodirty	GET_d1024_P32	2292576.10	
2	2s	2s_loo_nodirty	MIX_d64_P16	5306358.62	
2	2s	2s_loo_nodirty	HOT_G256	1631056.21	
2	2s	2s_loo_nodirty	FB_ETC	1572932.44	
2	2s	2s_loo_nomcdb	GET_d32_P32	7501516.37	
2	2s	2s_loo_nomcdb	GET_d256_P32	2799371.13	
2	2s	2s_loo_nomcdb	SET_d256_P32	5003950.68	
2	2s	2s_loo_nomcdb	GET_d1024_P32	2339703.78	
2	2s	2s_loo_nomcdb	MIX_d64_P16	5216258.19	
2	2s	2s_loo_nomcdb	HOT_G256	1589964.49	
2	2s	2s_loo_nomcdb	FB_ETC	1561642.10	
2	2s	2s_loo_nonextop	GET_d32_P32	7494217.26	
2	2s	2s_loo_nonextop	GET_d256_P32	2735848.31	
2	2s	2s_loo_nonextop	SET_d256_P32	5333865.56	
2	2s	2s_loo_nonextop	GET_d1024_P32	2325022.00	
2	2s	2s_loo_nonextop	MIX_d64_P16	5130523.73	
2	2s	2s_loo_nonextop	HOT_G256	1609039.58	
2	2s	2s_loo_nonextop	FB_ETC	1546239.70	
2	2s	2s_loo_nouring	GET_d32_P32	7886923.02	
2	2s	2s_loo_nouring	GET_d256_P32	2882637.93	
2	2s	2s_loo_nouring	SET_d256_P32	5378831.19	
2	2s	2s_loo_nouring	GET_d1024_P32	2412844.32	
2	2s	2s_loo_nouring	MIX_d64_P16	5728442.22	
2	2s	2s_loo_nouring	HOT_G256	1689250.20	
2	2s	2s_loo_nouring	FB_ETC	1646121.50	
2	2s	2s_val_nextop4	GET_d32_P32	7844239.84	
2	2s	2s_val_nextop4	GET_d256_P32	2893021.40	
2	2s	2s_val_nextop4	SET_d256_P32	5262735.71	
2	2s	2s_val_nextop4	GET_d1024_P32	2413936.16	
2	2s	2s_val_nextop4	MIX_d64_P16	5713102.55	
2	2s	2s_val_nextop4	HOT_G256	1754954.16	
2	2s	2s_val_nextop4	FB_ETC	1628164.88	
2	2s	2s_val_nextop16	GET_d32_P32	7973805.10	
2	2s	2s_val_nextop16	GET_d256_P32	2865524.56	
2	2s	2s_val_nextop16	SET_d256_P32	5244386.58	
2	2s	2s_val_nextop16	GET_d1024_P32	2370321.20	
2	2s	2s_val_nextop16	MIX_d64_P16	5849575.20	
2	2s	2s_val_nextop16	HOT_G256	1713649.13	
2	2s	2s_val_nextop16	FB_ETC	1571157.76	
2	2s	2s_val_nextop64	GET_d32_P32	7995266.42	
2	2s	2s_val_nextop64	GET_d256_P32	2845955.46	
2	2s	2s_val_nextop64	SET_d256_P32	5261210.31	
2	2s	2s_val_nextop64	GET_d1024_P32	2341505.71	
2	2s	2s_val_nextop64	MIX_d64_P16	5804580.63	
2	2s	2s_val_nextop64	HOT_G256	1651873.48	
2	2s	2s_val_nextop64	FB_ETC	1605159.63	
2	2s	2s_val_numcdb2	GET_d32_P32	7893451.28	
2	2s	2s_val_numcdb2	GET_d256_P32	2867198.48	
2	2s	2s_val_numcdb2	SET_d256_P32	5201886.38	
2	2s	2s_val_numcdb2	GET_d1024_P32	2422867.54	
2	2s	2s_val_numcdb2	MIX_d64_P16	5693307.15	
2	2s	2s_val_numcdb2	HOT_G256	1654516.08	
2	2s	2s_val_numcdb2	FB_ETC	1583405.76	
2	2s	2s_val_numcdb4	GET_d32_P32	7889795.35	
2	2s	2s_val_numcdb4	GET_d256_P32	2914617.86	
2	2s	2s_val_numcdb4	SET_d256_P32	5365489.44	
2	2s	2s_val_numcdb4	GET_d1024_P32	2394830.72	
2	2s	2s_val_numcdb4	MIX_d64_P16	5630613.41	
2	2s	2s_val_numcdb4	HOT_G256	1668758.32	
2	2s	2s_val_numcdb4	FB_ETC	1579227.50	
2	3s	3s_thr_i4e4w2	GET_d32_P32	4876405.88	
2	3s	3s_thr_i4e4w2	GET_d256_P32	4155541.34	
2	3s	3s_thr_i4e4w2	SET_d256_P32	4254531.67	
2	3s	3s_thr_i4e4w2	GET_d1024_P32	2864110.75	
2	3s	3s_thr_i4e4w2	MIX_d64_P16	4765571.99	
2	3s	3s_thr_i4e4w2	HOT_G256	2415790.44	
2	3s	3s_thr_i4e4w2	FB_ETC	2311274.58	
2	3s	3s_thr_i3e4w3	GET_d32_P32	4870526.83	
2	3s	3s_thr_i3e4w3	GET_d256_P32	4088634.12	
2	3s	3s_thr_i3e4w3	SET_d256_P32	4063594.65	
2	3s	3s_thr_i3e4w3	GET_d1024_P32	2882010.26	
2	3s	3s_thr_i3e4w3	MIX_d64_P16	4908517.96	
2	3s	3s_thr_i3e4w3	HOT_G256	2404706.56	
2	3s	3s_thr_i3e4w3	FB_ETC	2362033.38	
2	3s	3s_thr_i4e3w3	GET_d32_P32	6001820.21	
2	3s	3s_thr_i4e3w3	GET_d256_P32	4534390.25	
2	3s	3s_thr_i4e3w3	SET_d256_P32	4313966.62	
2	3s	3s_thr_i4e3w3	GET_d1024_P32	2966973.68	
2	3s	3s_thr_i4e3w3	MIX_d64_P16	5056879.49	
2	3s	3s_thr_i4e3w3	HOT_G256	3123166.77	
2	3s	3s_thr_i4e3w3	FB_ETC	3087869.35	
2	3s	3s_thr_i2e4w4	GET_d32_P32	0	
2	3s	3s_thr_i2e4w4	GET_d256_P32	0	
2	3s	3s_thr_i2e4w4	SET_d256_P32	0	
2	3s	3s_thr_i2e4w4	GET_d1024_P32	0	
2	3s	3s_thr_i2e4w4	MIX_d64_P16	0	
2	3s	3s_thr_i2e4w4	HOT_G256	0	
2	3s	3s_thr_i2e4w4	FB_ETC	0	
2	3s	3s_thr_i4e2w4	GET_d32_P32	5319199.51	
2	3s	3s_thr_i4e2w4	GET_d256_P32	4049905.08	
2	3s	3s_thr_i4e2w4	SET_d256_P32	3526152.99	
2	3s	3s_thr_i4e2w4	GET_d1024_P32	2929733.77	
2	3s	3s_thr_i4e2w4	MIX_d64_P16	4595081.45	
2	3s	3s_thr_i4e2w4	HOT_G256	3251807.75	
2	3s	3s_thr_i4e2w4	FB_ETC	3129359.80	
2	3s	3s_knob_tiered	GET_d32_P32	4893926.12	
2	3s	3s_knob_tiered	GET_d256_P32	3984686.35	
2	3s	3s_knob_tiered	SET_d256_P32	4214736.83	
2	3s	3s_knob_tiered	GET_d1024_P32	2761223.58	
2	3s	3s_knob_tiered	MIX_d64_P16	4769936.82	
2	3s	3s_knob_tiered	HOT_G256	2358091.38	
2	3s	3s_knob_tiered	FB_ETC	2283389.71	
2	3s	3s_knob_dirty	GET_d32_P32	5000404.50	
2	3s	3s_knob_dirty	GET_d256_P32	4096323.46	
2	3s	3s_knob_dirty	SET_d256_P32	4250073.67	
2	3s	3s_knob_dirty	GET_d1024_P32	2863838.55	
2	3s	3s_knob_dirty	MIX_d64_P16	4792716.21	
2	3s	3s_knob_dirty	HOT_G256	2349910.97	
2	3s	3s_knob_dirty	FB_ETC	2371491.06	
2	3s	3s_knob_mcdb	GET_d32_P32	4987968.31	
2	3s	3s_knob_mcdb	GET_d256_P32	4022945.36	
2	3s	3s_knob_mcdb	SET_d256_P32	4353815.56	
2	3s	3s_knob_mcdb	GET_d1024_P32	2862213.39	
2	3s	3s_knob_mcdb	MIX_d64_P16	4922632.66	
2	3s	3s_knob_mcdb	HOT_G256	2375222.62	
2	3s	3s_knob_mcdb	FB_ETC	2324604.99	
2	3s	3s_knob_nextop	GET_d32_P32	4889378.40	
2	3s	3s_knob_nextop	GET_d256_P32	4134258.51	
2	3s	3s_knob_nextop	SET_d256_P32	4214834.54	
2	3s	3s_knob_nextop	GET_d1024_P32	2831276.78	
2	3s	3s_knob_nextop	MIX_d64_P16	4878403.51	
2	3s	3s_knob_nextop	HOT_G256	2421489.90	
2	3s	3s_knob_nextop	FB_ETC	2297409.23	
2	3s	3s_knob_wbepoll	GET_d32_P32	4814510.47	
2	3s	3s_knob_wbepoll	GET_d256_P32	3972602.09	
2	3s	3s_knob_wbepoll	SET_d256_P32	4361395.08	
2	3s	3s_knob_wbepoll	GET_d1024_P32	2852975.63	
2	3s	3s_knob_wbepoll	MIX_d64_P16	5154177.19	
2	3s	3s_knob_wbepoll	HOT_G256	2336767.88	
2	3s	3s_knob_wbepoll	FB_ETC	2273213.87	
2	3s	3s_knob_allopt	GET_d32_P32	4930145.40	
2	3s	3s_knob_allopt	GET_d256_P32	4075333.47	
2	3s	3s_knob_allopt	SET_d256_P32	4260943.68	
2	3s	3s_knob_allopt	GET_d1024_P32	2912469.03	
2	3s	3s_knob_allopt	MIX_d64_P16	4850404.87	
2	3s	3s_knob_allopt	HOT_G256	2329883.16	
2	3s	3s_knob_allopt	FB_ETC	2315109.83	
2	3s	3s_allopt_full	GET_d32_P32	4944853.40	
2	3s	3s_allopt_full	GET_d256_P32	4064126.84	
2	3s	3s_allopt_full	SET_d256_P32	4076194.56	
2	3s	3s_allopt_full	GET_d1024_P32	2907780.41	
2	3s	3s_allopt_full	MIX_d64_P16	4875599.22	
2	3s	3s_allopt_full	HOT_G256	2354984.15	
2	3s	3s_allopt_full	FB_ETC	2394872.03	
2	3s	3s_loo_notiered	GET_d32_P32	4898474.75	
2	3s	3s_loo_notiered	GET_d256_P32	4057354.55	
2	3s	3s_loo_notiered	SET_d256_P32	4246101.44	
2	3s	3s_loo_notiered	GET_d1024_P32	2870131.12	
2	3s	3s_loo_notiered	MIX_d64_P16	4827231.64	
2	3s	3s_loo_notiered	HOT_G256	2354348.63	
2	3s	3s_loo_notiered	FB_ETC	2323999.29	
2	3s	3s_loo_nodirty	GET_d32_P32	4886364.92	
2	3s	3s_loo_nodirty	GET_d256_P32	4031979.48	
2	3s	3s_loo_nodirty	SET_d256_P32	4311426.99	
2	3s	3s_loo_nodirty	GET_d1024_P32	2853578.59	
2	3s	3s_loo_nodirty	MIX_d64_P16	4815823.61	
2	3s	3s_loo_nodirty	HOT_G256	2427510.07	
2	3s	3s_loo_nodirty	FB_ETC	2351970.39	
2	3s	3s_loo_nomcdb	GET_d32_P32	4963932.75	
2	3s	3s_loo_nomcdb	GET_d256_P32	4053516.33	
2	3s	3s_loo_nomcdb	SET_d256_P32	4195823.89	
2	3s	3s_loo_nomcdb	GET_d1024_P32	2844713.29	
2	3s	3s_loo_nomcdb	MIX_d64_P16	4959688.28	
2	3s	3s_loo_nomcdb	HOT_G256	2377501.58	
2	3s	3s_loo_nomcdb	FB_ETC	2308823.10	
2	3s	3s_loo_nonextop	GET_d32_P32	4936506.12	
2	3s	3s_loo_nonextop	GET_d256_P32	4142192.39	
2	3s	3s_loo_nonextop	SET_d256_P32	4278876.31	
2	3s	3s_loo_nonextop	GET_d1024_P32	2878110.31	
2	3s	3s_loo_nonextop	MIX_d64_P16	4830693.48	
2	3s	3s_loo_nonextop	HOT_G256	2400617.99	
2	3s	3s_loo_nonextop	FB_ETC	2300125.31	
2	3s	3s_val_nextop4	GET_d32_P32	4922612.09	
2	3s	3s_val_nextop4	GET_d256_P32	4082447.18	
2	3s	3s_val_nextop4	SET_d256_P32	4227282.54	
2	3s	3s_val_nextop4	GET_d1024_P32	2866333.04	
2	3s	3s_val_nextop4	MIX_d64_P16	4841326.75	
2	3s	3s_val_nextop4	HOT_G256	2368951.79	
2	3s	3s_val_nextop4	FB_ETC	2307651.16	
2	3s	3s_val_nextop16	GET_d32_P32	4878195.09	
2	3s	3s_val_nextop16	GET_d256_P32	4030965.96	
2	3s	3s_val_nextop16	SET_d256_P32	4252102.02	
2	3s	3s_val_nextop16	GET_d1024_P32	2826881.08	
2	3s	3s_val_nextop16	MIX_d64_P16	4814396.65	
2	3s	3s_val_nextop16	HOT_G256	2369799.39	
2	3s	3s_val_nextop16	FB_ETC	2322288.83	
2	3s	3s_val_nextop64	GET_d32_P32	4921857.40	
2	3s	3s_val_nextop64	GET_d256_P32	4046998.14	
2	3s	3s_val_nextop64	SET_d256_P32	4320339.99	
2	3s	3s_val_nextop64	GET_d1024_P32	2808283.30	
2	3s	3s_val_nextop64	MIX_d64_P16	4812660.93	
2	3s	3s_val_nextop64	HOT_G256	2431346.43	
2	3s	3s_val_nextop64	FB_ETC	2341256.08	
2	3s	3s_val_numcdb2	GET_d32_P32	4891896.37	
2	3s	3s_val_numcdb2	GET_d256_P32	4061626.95	
2	3s	3s_val_numcdb2	SET_d256_P32	4270604.20	
2	3s	3s_val_numcdb2	GET_d1024_P32	2741280.50	
2	3s	3s_val_numcdb2	MIX_d64_P16	4967669.89	
2	3s	3s_val_numcdb2	HOT_G256	2370593.96	
2	3s	3s_val_numcdb2	FB_ETC	2303301.52	
2	3s	3s_val_numcdb4	GET_d32_P32	4875830.20	
2	3s	3s_val_numcdb4	GET_d256_P32	4084263.25	
2	3s	3s_val_numcdb4	SET_d256_P32	4213172.09	
2	3s	3s_val_numcdb4	GET_d1024_P32	2881263.05	
2	3s	3s_val_numcdb4	MIX_d64_P16	4852645.64	
2	3s	3s_val_numcdb4	HOT_G256	2350332.83	
2	3s	3s_val_numcdb4	FB_ETC	2378871.77	
2	base	base_redis	GET_d32_P32	4422747.03	
2	base	base_redis	GET_d256_P32	4082044.56	
2	base	base_redis	SET_d256_P32	3453301.76	
2	base	base_redis	GET_d1024_P32	3311834.23	
2	base	base_redis	MIX_d64_P16	4037708.58	
2	base	base_redis	HOT_G256	3564166.63	
2	base	base_redis	FB_ETC	3266858.43	
2	base	base_keydb	GET_d32_P32	3397534.58	
2	base	base_keydb	GET_d256_P32	3362279.70	
2	base	base_keydb	SET_d256_P32	2029428.09	
2	base	base_keydb	GET_d1024_P32	1925713.51	
2	base	base_keydb	MIX_d64_P16	2732825.48	
2	base	base_keydb	HOT_G256	2966894.77	
2	base	base_keydb	FB_ETC	2860002.88	
2	base	base_dragonfly	GET_d32_P32	6070558.22	
2	base	base_dragonfly	GET_d256_P32	1277469.42	
2	base	base_dragonfly	SET_d256_P32	4845875.27	
2	base	base_dragonfly	GET_d1024_P32	1137193.74	
2	base	base_dragonfly	MIX_d64_P16	4458902.12	
2	base	base_dragonfly	HOT_G256	1174447.50	
2	base	base_dragonfly	FB_ETC	3023092.87	
3	2s	2s_thr_io4w4	GET_d32_P32	7000253.86	
3	2s	2s_thr_io4w4	GET_d256_P32	2712235.22	
3	2s	2s_thr_io4w4	SET_d256_P32	4578642.98	
3	2s	2s_thr_io4w4	GET_d1024_P32	2110278.53	
3	2s	2s_thr_io4w4	MIX_d64_P16	4907682.68	
3	2s	2s_thr_io4w4	HOT_G256	1452416.42	
3	2s	2s_thr_io4w4	FB_ETC	1724573.82	
3	2s	2s_thr_io6w4	GET_d32_P32	7802976.86	
3	2s	2s_thr_io6w4	GET_d256_P32	2893114.12	
3	2s	2s_thr_io6w4	SET_d256_P32	5445068.34	
3	2s	2s_thr_io6w4	GET_d1024_P32	2383429.77	
3	2s	2s_thr_io6w4	MIX_d64_P16	5698049.24	
3	2s	2s_thr_io6w4	HOT_G256	1653281.08	
3	2s	2s_thr_io6w4	FB_ETC	1725392.27	
3	2s	2s_thr_io8w4	GET_d32_P32	7490106.58	
3	2s	2s_thr_io8w4	GET_d256_P32	3019979.63	
3	2s	2s_thr_io8w4	SET_d256_P32	5338802.77	
3	2s	2s_thr_io8w4	GET_d1024_P32	2548447.41	
3	2s	2s_thr_io8w4	MIX_d64_P16	5625714.10	
3	2s	2s_thr_io8w4	HOT_G256	1749110.10	
3	2s	2s_thr_io8w4	FB_ETC	1685913.47	
3	2s	2s_thr_io4w2	GET_d32_P32	5193661.82	
3	2s	2s_thr_io4w2	GET_d256_P32	2533239.39	
3	2s	2s_thr_io4w2	SET_d256_P32	3138219.80	
3	2s	2s_thr_io4w2	GET_d1024_P32	2129400.06	
3	2s	2s_thr_io4w2	MIX_d64_P16	3955191.10	
3	2s	2s_thr_io4w2	HOT_G256	1529145.01	
3	2s	2s_thr_io4w2	FB_ETC	1624583.70	
3	2s	2s_thr_io2w8	GET_d32_P32	3691894.30	
3	2s	2s_thr_io2w8	GET_d256_P32	1686808.62	
3	2s	2s_thr_io2w8	SET_d256_P32	2783232.37	
3	2s	2s_thr_io2w8	GET_d1024_P32	1706623.08	
3	2s	2s_thr_io2w8	MIX_d64_P16	2593123.34	
3	2s	2s_thr_io2w8	HOT_G256	1002001.15	
3	2s	2s_thr_io2w8	FB_ETC	1006911.49	
3	2s	2s_knob_dirty	GET_d32_P32	7963010.97	
3	2s	2s_knob_dirty	GET_d256_P32	3008070.43	
3	2s	2s_knob_dirty	SET_d256_P32	5037229.15	
3	2s	2s_knob_dirty	GET_d1024_P32	2383629.01	
3	2s	2s_knob_dirty	MIX_d64_P16	5843242.20	
3	2s	2s_knob_dirty	HOT_G256	1666868.53	
3	2s	2s_knob_dirty	FB_ETC	1578604.50	
3	2s	2s_knob_mcdb	GET_d32_P32	7900321.77	
3	2s	2s_knob_mcdb	GET_d256_P32	2834623.79	
3	2s	2s_knob_mcdb	SET_d256_P32	5102872.12	
3	2s	2s_knob_mcdb	GET_d1024_P32	2347611.89	
3	2s	2s_knob_mcdb	MIX_d64_P16	5749682.19	
3	2s	2s_knob_mcdb	HOT_G256	1634041.49	
3	2s	2s_knob_mcdb	FB_ETC	1589528.26	
3	2s	2s_knob_nextop	GET_d32_P32	7808896.71	
3	2s	2s_knob_nextop	GET_d256_P32	2799213.01	
3	2s	2s_knob_nextop	SET_d256_P32	5348082.85	
3	2s	2s_knob_nextop	GET_d1024_P32	2399844.38	
3	2s	2s_knob_nextop	MIX_d64_P16	5743738.57	
3	2s	2s_knob_nextop	HOT_G256	1642072.32	
3	2s	2s_knob_nextop	FB_ETC	1605368.70	
3	2s	2s_knob_uring	GET_d32_P32	7584307.55	
3	2s	2s_knob_uring	GET_d256_P32	2750585.32	
3	2s	2s_knob_uring	SET_d256_P32	5315854.07	
3	2s	2s_knob_uring	GET_d1024_P32	2302003.03	
3	2s	2s_knob_uring	MIX_d64_P16	5195048.71	
3	2s	2s_knob_uring	HOT_G256	1615809.94	
3	2s	2s_knob_uring	FB_ETC	1524024.90	
3	2s	2s_knob_allopt	GET_d32_P32	8078900.16	
3	2s	2s_knob_allopt	GET_d256_P32	2890785.53	
3	2s	2s_knob_allopt	SET_d256_P32	5584111.46	
3	2s	2s_knob_allopt	GET_d1024_P32	2382426.80	
3	2s	2s_knob_allopt	MIX_d64_P16	5747094.11	
3	2s	2s_knob_allopt	HOT_G256	1637299.99	
3	2s	2s_knob_allopt	FB_ETC	1616476.55	
3	2s	2s_allopt_full	GET_d32_P32	7473673.71	
3	2s	2s_allopt_full	GET_d256_P32	3051401.16	
3	2s	2s_allopt_full	SET_d256_P32	5353964.82	
3	2s	2s_allopt_full	GET_d1024_P32	2299996.40	
3	2s	2s_allopt_full	MIX_d64_P16	5370263.05	
3	2s	2s_allopt_full	HOT_G256	1584661.58	
3	2s	2s_allopt_full	FB_ETC	1562966.66	
3	2s	2s_loo_nodirty	GET_d32_P32	7521053.63	
3	2s	2s_loo_nodirty	GET_d256_P32	3050348.06	
3	2s	2s_loo_nodirty	SET_d256_P32	5036048.32	
3	2s	2s_loo_nodirty	GET_d1024_P32	2303476.25	
3	2s	2s_loo_nodirty	MIX_d64_P16	5223482.52	
3	2s	2s_loo_nodirty	HOT_G256	1603434.20	
3	2s	2s_loo_nodirty	FB_ETC	1542735.71	
3	2s	2s_loo_nomcdb	GET_d32_P32	7511389.71	
3	2s	2s_loo_nomcdb	GET_d256_P32	2727296.01	
3	2s	2s_loo_nomcdb	SET_d256_P32	5141045.35	
3	2s	2s_loo_nomcdb	GET_d1024_P32	2325852.65	
3	2s	2s_loo_nomcdb	MIX_d64_P16	5285349.28	
3	2s	2s_loo_nomcdb	HOT_G256	1606101.81	
3	2s	2s_loo_nomcdb	FB_ETC	1542897.13	
3	2s	2s_loo_nonextop	GET_d32_P32	7621758.21	
3	2s	2s_loo_nonextop	GET_d256_P32	2723333.30	
3	2s	2s_loo_nonextop	SET_d256_P32	5134313.26	
3	2s	2s_loo_nonextop	GET_d1024_P32	2238981.67	
3	2s	2s_loo_nonextop	MIX_d64_P16	5221567.85	
3	2s	2s_loo_nonextop	HOT_G256	1636268.04	
3	2s	2s_loo_nonextop	FB_ETC	1584606.66	
3	2s	2s_loo_nouring	GET_d32_P32	8081624.34	
3	2s	2s_loo_nouring	GET_d256_P32	2877480.16	
3	2s	2s_loo_nouring	SET_d256_P32	5281431.32	
3	2s	2s_loo_nouring	GET_d1024_P32	2372200.39	
3	2s	2s_loo_nouring	MIX_d64_P16	5808648.12	
3	2s	2s_loo_nouring	HOT_G256	1717665.18	
3	2s	2s_loo_nouring	FB_ETC	1690722.21	
3	2s	2s_val_nextop4	GET_d32_P32	7859477.92	
3	2s	2s_val_nextop4	GET_d256_P32	2836003.15	
3	2s	2s_val_nextop4	SET_d256_P32	5403939.56	
3	2s	2s_val_nextop4	GET_d1024_P32	2400892.62	
3	2s	2s_val_nextop4	MIX_d64_P16	5831951.35	
3	2s	2s_val_nextop4	HOT_G256	1667641.23	
3	2s	2s_val_nextop4	FB_ETC	1581698.21	
3	2s	2s_val_nextop16	GET_d32_P32	8164862.53	
3	2s	2s_val_nextop16	GET_d256_P32	2786923.32	
3	2s	2s_val_nextop16	SET_d256_P32	5364110.78	
3	2s	2s_val_nextop16	GET_d1024_P32	2363314.02	
3	2s	2s_val_nextop16	MIX_d64_P16	5703140.38	
3	2s	2s_val_nextop16	HOT_G256	1679550.61	
3	2s	2s_val_nextop16	FB_ETC	1574146.23	
3	2s	2s_val_nextop64	GET_d32_P32	7997358.78	
3	2s	2s_val_nextop64	GET_d256_P32	2815075.72	
3	2s	2s_val_nextop64	SET_d256_P32	5146860.40	
3	2s	2s_val_nextop64	GET_d1024_P32	2417724.95	
3	2s	2s_val_nextop64	MIX_d64_P16	5737607.62	
3	2s	2s_val_nextop64	HOT_G256	1568415.99	
3	2s	2s_val_nextop64	FB_ETC	1619558.79	
3	2s	2s_val_numcdb2	GET_d32_P32	7966781.73	
3	2s	2s_val_numcdb2	GET_d256_P32	2866992.16	
3	2s	2s_val_numcdb2	SET_d256_P32	5192905.32	
3	2s	2s_val_numcdb2	GET_d1024_P32	2319557.09	
3	2s	2s_val_numcdb2	MIX_d64_P16	5759909.75	
3	2s	2s_val_numcdb2	HOT_G256	1654571.95	
3	2s	2s_val_numcdb2	FB_ETC	1846285.44	
3	2s	2s_val_numcdb4	GET_d32_P32	7884090.08	
3	2s	2s_val_numcdb4	GET_d256_P32	2930513.06	
3	2s	2s_val_numcdb4	SET_d256_P32	5283380.94	
3	2s	2s_val_numcdb4	GET_d1024_P32	2364605.97	
3	2s	2s_val_numcdb4	MIX_d64_P16	5763289.03	
3	2s	2s_val_numcdb4	HOT_G256	1640863.88	
3	2s	2s_val_numcdb4	FB_ETC	1642598.23	
3	3s	3s_thr_i4e4w2	GET_d32_P32	4899481.24	
3	3s	3s_thr_i4e4w2	GET_d256_P32	3974678.51	
3	3s	3s_thr_i4e4w2	SET_d256_P32	4257368.49	
3	3s	3s_thr_i4e4w2	GET_d1024_P32	2835841.20	
3	3s	3s_thr_i4e4w2	MIX_d64_P16	4929127.04	
3	3s	3s_thr_i4e4w2	HOT_G256	2354800.05	
3	3s	3s_thr_i4e4w2	FB_ETC	2307670.89	
3	3s	3s_thr_i3e4w3	GET_d32_P32	4888392.20	
3	3s	3s_thr_i3e4w3	GET_d256_P32	4146349.71	
3	3s	3s_thr_i3e4w3	SET_d256_P32	4003113.68	
3	3s	3s_thr_i3e4w3	GET_d1024_P32	2857806.54	
3	3s	3s_thr_i3e4w3	MIX_d64_P16	4867247.14	
3	3s	3s_thr_i3e4w3	HOT_G256	2351701.56	
3	3s	3s_thr_i3e4w3	FB_ETC	2285905.60	
3	3s	3s_thr_i4e3w3	GET_d32_P32	5992981.68	
3	3s	3s_thr_i4e3w3	GET_d256_P32	4585218.53	
3	3s	3s_thr_i4e3w3	SET_d256_P32	4569827.68	
3	3s	3s_thr_i4e3w3	GET_d1024_P32	2950651.59	
3	3s	3s_thr_i4e3w3	MIX_d64_P16	5173069.08	
3	3s	3s_thr_i4e3w3	HOT_G256	3165774.91	
3	3s	3s_thr_i4e3w3	FB_ETC	3121903.56	
3	3s	3s_thr_i2e4w4	GET_d32_P32	3598909.57	
3	3s	3s_thr_i2e4w4	GET_d256_P32	2853361.08	
3	3s	3s_thr_i2e4w4	SET_d256_P32	0	
3	3s	3s_thr_i2e4w4	GET_d1024_P32	0	
3	3s	3s_thr_i2e4w4	MIX_d64_P16	0	
3	3s	3s_thr_i2e4w4	HOT_G256	0	
3	3s	3s_thr_i2e4w4	FB_ETC	0	
3	3s	3s_thr_i4e2w4	GET_d32_P32	5391875.22	
3	3s	3s_thr_i4e2w4	GET_d256_P32	3979389.45	
3	3s	3s_thr_i4e2w4	SET_d256_P32	3673203.96	
3	3s	3s_thr_i4e2w4	GET_d1024_P32	2839896.09	
3	3s	3s_thr_i4e2w4	MIX_d64_P16	4443866.13	
3	3s	3s_thr_i4e2w4	HOT_G256	3174741.45	
3	3s	3s_thr_i4e2w4	FB_ETC	3162469.61	
3	3s	3s_knob_tiered	GET_d32_P32	4891306.76	
3	3s	3s_knob_tiered	GET_d256_P32	4047806.98	
3	3s	3s_knob_tiered	SET_d256_P32	4190167.55	
3	3s	3s_knob_tiered	GET_d1024_P32	2845665.65	
3	3s	3s_knob_tiered	MIX_d64_P16	4925694.87	
3	3s	3s_knob_tiered	HOT_G256	2336163.46	
3	3s	3s_knob_tiered	FB_ETC	2347783.70	
3	3s	3s_knob_dirty	GET_d32_P32	4939050.91	
3	3s	3s_knob_dirty	GET_d256_P32	4104790.26	
3	3s	3s_knob_dirty	SET_d256_P32	4164830.85	
3	3s	3s_knob_dirty	GET_d1024_P32	2875215.22	
3	3s	3s_knob_dirty	MIX_d64_P16	4757276.65	
3	3s	3s_knob_dirty	HOT_G256	2424413.58	
3	3s	3s_knob_dirty	FB_ETC	2314404.27	
3	3s	3s_knob_mcdb	GET_d32_P32	5005729.24	
3	3s	3s_knob_mcdb	GET_d256_P32	4012078.08	
3	3s	3s_knob_mcdb	SET_d256_P32	4213592.23	
3	3s	3s_knob_mcdb	GET_d1024_P32	2849924.81	
3	3s	3s_knob_mcdb	MIX_d64_P16	4801374.66	
3	3s	3s_knob_mcdb	HOT_G256	2327228.44	
3	3s	3s_knob_mcdb	FB_ETC	2361410.10	
3	3s	3s_knob_nextop	GET_d32_P32	4910307.62	
3	3s	3s_knob_nextop	GET_d256_P32	4054586.34	
3	3s	3s_knob_nextop	SET_d256_P32	4258086.62	
3	3s	3s_knob_nextop	GET_d1024_P32	2809746.52	
3	3s	3s_knob_nextop	MIX_d64_P16	4789179.60	
3	3s	3s_knob_nextop	HOT_G256	2370849.35	
3	3s	3s_knob_nextop	FB_ETC	2279234.54	
3	3s	3s_knob_wbepoll	GET_d32_P32	4768307.36	
3	3s	3s_knob_wbepoll	GET_d256_P32	4015809.48	
3	3s	3s_knob_wbepoll	SET_d256_P32	4321573.29	
3	3s	3s_knob_wbepoll	GET_d1024_P32	2865496.37	
3	3s	3s_knob_wbepoll	MIX_d64_P16	5028671.69	
3	3s	3s_knob_wbepoll	HOT_G256	2356549.44	
3	3s	3s_knob_wbepoll	FB_ETC	2322842.51	
3	3s	3s_knob_allopt	GET_d32_P32	4948169.28	
3	3s	3s_knob_allopt	GET_d256_P32	4084619.12	
3	3s	3s_knob_allopt	SET_d256_P32	4223432.82	
3	3s	3s_knob_allopt	GET_d1024_P32	2843175.33	
3	3s	3s_knob_allopt	MIX_d64_P16	4815865.05	
3	3s	3s_knob_allopt	HOT_G256	2354577.40	
3	3s	3s_knob_allopt	FB_ETC	2334172.39	
3	3s	3s_allopt_full	GET_d32_P32	4847200.12	
3	3s	3s_allopt_full	GET_d256_P32	4123147.27	
3	3s	3s_allopt_full	SET_d256_P32	4230665.15	
3	3s	3s_allopt_full	GET_d1024_P32	2866261.95	
3	3s	3s_allopt_full	MIX_d64_P16	4785814.51	
3	3s	3s_allopt_full	HOT_G256	2383376.94	
3	3s	3s_allopt_full	FB_ETC	2296687.55	
3	3s	3s_loo_notiered	GET_d32_P32	4856250.12	
3	3s	3s_loo_notiered	GET_d256_P32	4047995.36	
3	3s	3s_loo_notiered	SET_d256_P32	4298613.71	
3	3s	3s_loo_notiered	GET_d1024_P32	2833472.71	
3	3s	3s_loo_notiered	MIX_d64_P16	4847437.41	
3	3s	3s_loo_notiered	HOT_G256	2397195.22	
3	3s	3s_loo_notiered	FB_ETC	2304479.90	
3	3s	3s_loo_nodirty	GET_d32_P32	4940938.66	
3	3s	3s_loo_nodirty	GET_d256_P32	4091532.83	
3	3s	3s_loo_nodirty	SET_d256_P32	4242932.21	
3	3s	3s_loo_nodirty	GET_d1024_P32	2853924.62	
3	3s	3s_loo_nodirty	MIX_d64_P16	4730767.70	
3	3s	3s_loo_nodirty	HOT_G256	2349492.91	
3	3s	3s_loo_nodirty	FB_ETC	2270416.60	
3	3s	3s_loo_nomcdb	GET_d32_P32	4914112.77	
3	3s	3s_loo_nomcdb	GET_d256_P32	4118376.82	
3	3s	3s_loo_nomcdb	SET_d256_P32	4207460.13	
3	3s	3s_loo_nomcdb	GET_d1024_P32	2861999.26	
3	3s	3s_loo_nomcdb	MIX_d64_P16	4786098.69	
3	3s	3s_loo_nomcdb	HOT_G256	2399893.26	
3	3s	3s_loo_nomcdb	FB_ETC	2277157.04	
3	3s	3s_loo_nonextop	GET_d32_P32	4903539.31	
3	3s	3s_loo_nonextop	GET_d256_P32	4077142.67	
3	3s	3s_loo_nonextop	SET_d256_P32	4165201.31	
3	3s	3s_loo_nonextop	GET_d1024_P32	2829475.63	
3	3s	3s_loo_nonextop	MIX_d64_P16	4790795.84	
3	3s	3s_loo_nonextop	HOT_G256	2383857.11	
3	3s	3s_loo_nonextop	FB_ETC	2348078.43	
3	3s	3s_val_nextop4	GET_d32_P32	4928202.54	
3	3s	3s_val_nextop4	GET_d256_P32	4097305.16	
3	3s	3s_val_nextop4	SET_d256_P32	4198903.86	
3	3s	3s_val_nextop4	GET_d1024_P32	2875731.36	
3	3s	3s_val_nextop4	MIX_d64_P16	4791311.30	
3	3s	3s_val_nextop4	HOT_G256	2415337.31	
3	3s	3s_val_nextop4	FB_ETC	2326433.33	
3	3s	3s_val_nextop16	GET_d32_P32	0	
3	3s	3s_val_nextop16	GET_d256_P32	4132501.43	
3	3s	3s_val_nextop16	SET_d256_P32	4226407.30	
3	3s	3s_val_nextop16	GET_d1024_P32	2798644.90	
3	3s	3s_val_nextop16	MIX_d64_P16	4910183.69	
3	3s	3s_val_nextop16	HOT_G256	2404392.30	
3	3s	3s_val_nextop16	FB_ETC	2323663.55	
3	3s	3s_val_nextop64	GET_d32_P32	4910295.53	
3	3s	3s_val_nextop64	GET_d256_P32	4039883.87	
3	3s	3s_val_nextop64	SET_d256_P32	4187100.63	
3	3s	3s_val_nextop64	GET_d1024_P32	2820368.21	
3	3s	3s_val_nextop64	MIX_d64_P16	4853904.69	
3	3s	3s_val_nextop64	HOT_G256	2363482.45	
3	3s	3s_val_nextop64	FB_ETC	2322797.48	
3	3s	3s_val_numcdb2	GET_d32_P32	4905903.48	
3	3s	3s_val_numcdb2	GET_d256_P32	3994144.23	
3	3s	3s_val_numcdb2	SET_d256_P32	4227641.68	
3	3s	3s_val_numcdb2	GET_d1024_P32	2854108.05	
3	3s	3s_val_numcdb2	MIX_d64_P16	4805426.45	
3	3s	3s_val_numcdb2	HOT_G256	2366857.00	
3	3s	3s_val_numcdb2	FB_ETC	2307979.18	
3	3s	3s_val_numcdb4	GET_d32_P32	4901745.32	
3	3s	3s_val_numcdb4	GET_d256_P32	4132520.78	
3	3s	3s_val_numcdb4	SET_d256_P32	4279214.20	
3	3s	3s_val_numcdb4	GET_d1024_P32	2858771.79	
3	3s	3s_val_numcdb4	MIX_d64_P16	4831067.51	
3	3s	3s_val_numcdb4	HOT_G256	2370328.84	
3	3s	3s_val_numcdb4	FB_ETC	2350667.57	
3	base	base_redis	GET_d32_P32	4439992.74	
3	base	base_redis	GET_d256_P32	4012040.75	
3	base	base_redis	SET_d256_P32	3594113.72	
3	base	base_redis	GET_d1024_P32	3314650.95	
3	base	base_redis	MIX_d64_P16	4028371.66	
3	base	base_redis	HOT_G256	3557080.07	
3	base	base_redis	FB_ETC	3220817.23	
3	base	base_keydb	GET_d32_P32	3316845.03	
3	base	base_keydb	GET_d256_P32	3364699.08	
3	base	base_keydb	SET_d256_P32	1914687.06	
3	base	base_keydb	GET_d1024_P32	1952686.54	
3	base	base_keydb	MIX_d64_P16	2675455.91	
3	base	base_keydb	HOT_G256	2829291.85	
3	base	base_keydb	FB_ETC	2790966.06	
3	base	base_dragonfly	GET_d32_P32	6004705.45	
3	base	base_dragonfly	GET_d256_P32	1267750.67	
3	base	base_dragonfly	SET_d256_P32	4794556.89	
3	base	base_dragonfly	GET_d1024_P32	1132475.58	
3	base	base_dragonfly	MIX_d64_P16	4443944.36	
3	base	base_dragonfly	HOT_G256	1183584.10	
3	base	base_dragonfly	FB_ETC	2989342.45	
4	2s	2s_thr_io4w4	GET_d32_P32	7054675.49	
4	2s	2s_thr_io4w4	GET_d256_P32	3151881.27	
4	2s	2s_thr_io4w4	SET_d256_P32	4423045.11	
4	2s	2s_thr_io4w4	GET_d1024_P32	2125655.45	
4	2s	2s_thr_io4w4	MIX_d64_P16	4871582.20	
4	2s	2s_thr_io4w4	HOT_G256	1440807.99	
4	2s	2s_thr_io4w4	FB_ETC	1846532.54	
4	2s	2s_thr_io6w4	GET_d32_P32	8032393.58	
4	2s	2s_thr_io6w4	GET_d256_P32	3005752.92	
4	2s	2s_thr_io6w4	SET_d256_P32	5240008.08	
4	2s	2s_thr_io6w4	GET_d1024_P32	2301289.91	
4	2s	2s_thr_io6w4	MIX_d64_P16	5868716.86	
4	2s	2s_thr_io6w4	HOT_G256	1828546.69	
4	2s	2s_thr_io6w4	FB_ETC	1619241.93	
4	2s	2s_thr_io8w4	GET_d32_P32	7606331.15	
4	2s	2s_thr_io8w4	GET_d256_P32	3060107.80	
4	2s	2s_thr_io8w4	SET_d256_P32	5211311.58	
4	2s	2s_thr_io8w4	GET_d1024_P32	2580308.43	
4	2s	2s_thr_io8w4	MIX_d64_P16	5571075.22	
4	2s	2s_thr_io8w4	HOT_G256	1727043.09	
4	2s	2s_thr_io8w4	FB_ETC	1678187.29	
4	2s	2s_thr_io4w2	GET_d32_P32	5666752.62	
4	2s	2s_thr_io4w2	GET_d256_P32	2556594.57	
4	2s	2s_thr_io4w2	SET_d256_P32	3329571.44	
4	2s	2s_thr_io4w2	GET_d1024_P32	2139992.88	
4	2s	2s_thr_io4w2	MIX_d64_P16	3989564.58	
4	2s	2s_thr_io4w2	HOT_G256	1634673.31	
4	2s	2s_thr_io4w2	FB_ETC	1503953.04	
4	2s	2s_thr_io2w8	GET_d32_P32	3685287.20	
4	2s	2s_thr_io2w8	GET_d256_P32	1696599.82	
4	2s	2s_thr_io2w8	SET_d256_P32	2910693.59	
4	2s	2s_thr_io2w8	GET_d1024_P32	1428690.06	
4	2s	2s_thr_io2w8	MIX_d64_P16	2584272.87	
4	2s	2s_thr_io2w8	HOT_G256	1000921.33	
4	2s	2s_thr_io2w8	FB_ETC	1001635.44	
4	2s	2s_knob_dirty	GET_d32_P32	7856706.63	
4	2s	2s_knob_dirty	GET_d256_P32	2896218.82	
4	2s	2s_knob_dirty	SET_d256_P32	5169375.70	
4	2s	2s_knob_dirty	GET_d1024_P32	2396976.33	
4	2s	2s_knob_dirty	MIX_d64_P16	5694791.52	
4	2s	2s_knob_dirty	HOT_G256	1624898.64	
4	2s	2s_knob_dirty	FB_ETC	1611291.21	
4	2s	2s_knob_mcdb	GET_d32_P32	7969952.41	
4	2s	2s_knob_mcdb	GET_d256_P32	3033354.32	
4	2s	2s_knob_mcdb	SET_d256_P32	5119395.98	
4	2s	2s_knob_mcdb	GET_d1024_P32	2394124.02	
4	2s	2s_knob_mcdb	MIX_d64_P16	5677349.73	
4	2s	2s_knob_mcdb	HOT_G256	1654891.42	
4	2s	2s_knob_mcdb	FB_ETC	1809856.28	
4	2s	2s_knob_nextop	GET_d32_P32	8105656.56	
4	2s	2s_knob_nextop	GET_d256_P32	2975954.94	
4	2s	2s_knob_nextop	SET_d256_P32	5231935.53	
4	2s	2s_knob_nextop	GET_d1024_P32	2402531.75	
4	2s	2s_knob_nextop	MIX_d64_P16	5722666.18	
4	2s	2s_knob_nextop	HOT_G256	1654969.66	
4	2s	2s_knob_nextop	FB_ETC	1604097.61	
4	2s	2s_knob_uring	GET_d32_P32	7519362.82	
4	2s	2s_knob_uring	GET_d256_P32	3069943.65	
4	2s	2s_knob_uring	SET_d256_P32	5356201.73	
4	2s	2s_knob_uring	GET_d1024_P32	2307366.18	
4	2s	2s_knob_uring	MIX_d64_P16	5261438.42	
4	2s	2s_knob_uring	HOT_G256	1622279.47	
4	2s	2s_knob_uring	FB_ETC	1571729.01	
4	2s	2s_knob_allopt	GET_d32_P32	8027344.80	
4	2s	2s_knob_allopt	GET_d256_P32	2972591.90	
4	2s	2s_knob_allopt	SET_d256_P32	5239561.46	
4	2s	2s_knob_allopt	GET_d1024_P32	2341873.12	
4	2s	2s_knob_allopt	MIX_d64_P16	5811832.33	
4	2s	2s_knob_allopt	HOT_G256	1638790.90	
4	2s	2s_knob_allopt	FB_ETC	1615316.57	
4	2s	2s_allopt_full	GET_d32_P32	7498295.95	
4	2s	2s_allopt_full	GET_d256_P32	2790117.93	
4	2s	2s_allopt_full	SET_d256_P32	5035142.15	
4	2s	2s_allopt_full	GET_d1024_P32	2296912.43	
4	2s	2s_allopt_full	MIX_d64_P16	5396367.30	
4	2s	2s_allopt_full	HOT_G256	1593118.59	
4	2s	2s_allopt_full	FB_ETC	1549627.99	
4	2s	2s_loo_nodirty	GET_d32_P32	7450985.84	
4	2s	2s_loo_nodirty	GET_d256_P32	2872969.46	
4	2s	2s_loo_nodirty	SET_d256_P32	5183183.01	
4	2s	2s_loo_nodirty	GET_d1024_P32	2225764.13	
4	2s	2s_loo_nodirty	MIX_d64_P16	5186630.98	
4	2s	2s_loo_nodirty	HOT_G256	1635381.98	
4	2s	2s_loo_nodirty	FB_ETC	1558221.74	
4	2s	2s_loo_nomcdb	GET_d32_P32	7629618.80	
4	2s	2s_loo_nomcdb	GET_d256_P32	2710489.26	
4	2s	2s_loo_nomcdb	SET_d256_P32	5111791.38	
4	2s	2s_loo_nomcdb	GET_d1024_P32	2291127.78	
4	2s	2s_loo_nomcdb	MIX_d64_P16	5281933.27	
4	2s	2s_loo_nomcdb	HOT_G256	1580316.88	
4	2s	2s_loo_nomcdb	FB_ETC	1544653.97	
4	2s	2s_loo_nonextop	GET_d32_P32	7514979.19	
4	2s	2s_loo_nonextop	GET_d256_P32	3200282.85	
4	2s	2s_loo_nonextop	SET_d256_P32	5182442.84	
4	2s	2s_loo_nonextop	GET_d1024_P32	2302360.32	
4	2s	2s_loo_nonextop	MIX_d64_P16	5265039.93	
4	2s	2s_loo_nonextop	HOT_G256	1586323.16	
4	2s	2s_loo_nonextop	FB_ETC	1555494.22	
4	2s	2s_loo_nouring	GET_d32_P32	7926811.78	
4	2s	2s_loo_nouring	GET_d256_P32	3097683.90	
4	2s	2s_loo_nouring	SET_d256_P32	5226697.52	
4	2s	2s_loo_nouring	GET_d1024_P32	2397927.54	
4	2s	2s_loo_nouring	MIX_d64_P16	5756181.67	
4	2s	2s_loo_nouring	HOT_G256	1768890.00	
4	2s	2s_loo_nouring	FB_ETC	1556569.88	
4	2s	2s_val_nextop4	GET_d32_P32	7954656.00	
4	2s	2s_val_nextop4	GET_d256_P32	2844566.24	
4	2s	2s_val_nextop4	SET_d256_P32	5309415.27	
4	2s	2s_val_nextop4	GET_d1024_P32	2379878.04	
4	2s	2s_val_nextop4	MIX_d64_P16	5815718.89	
4	2s	2s_val_nextop4	HOT_G256	1630654.42	
4	2s	2s_val_nextop4	FB_ETC	1588263.00	
4	2s	2s_val_nextop16	GET_d32_P32	8031739.39	
4	2s	2s_val_nextop16	GET_d256_P32	2919930.99	
4	2s	2s_val_nextop16	SET_d256_P32	5240978.35	
4	2s	2s_val_nextop16	GET_d1024_P32	2392932.79	
4	2s	2s_val_nextop16	MIX_d64_P16	5796497.92	
4	2s	2s_val_nextop16	HOT_G256	1669777.68	
4	2s	2s_val_nextop16	FB_ETC	1603447.99	
4	2s	2s_val_nextop64	GET_d32_P32	7927341.97	
4	2s	2s_val_nextop64	GET_d256_P32	2815553.18	
4	2s	2s_val_nextop64	SET_d256_P32	5282723.82	
4	2s	2s_val_nextop64	GET_d1024_P32	2423396.16	
4	2s	2s_val_nextop64	MIX_d64_P16	5707861.42	
4	2s	2s_val_nextop64	HOT_G256	1663616.57	
4	2s	2s_val_nextop64	FB_ETC	1738766.03	
4	2s	2s_val_numcdb2	GET_d32_P32	7867097.57	
4	2s	2s_val_numcdb2	GET_d256_P32	2901449.32	
4	2s	2s_val_numcdb2	SET_d256_P32	5195635.36	
4	2s	2s_val_numcdb2	GET_d1024_P32	2327667.16	
4	2s	2s_val_numcdb2	MIX_d64_P16	5756610.46	
4	2s	2s_val_numcdb2	HOT_G256	1641960.53	
4	2s	2s_val_numcdb2	FB_ETC	1716257.65	
4	2s	2s_val_numcdb4	GET_d32_P32	7877115.00	
4	2s	2s_val_numcdb4	GET_d256_P32	2909312.13	
4	2s	2s_val_numcdb4	SET_d256_P32	5315504.28	
4	2s	2s_val_numcdb4	GET_d1024_P32	2369903.14	
4	2s	2s_val_numcdb4	MIX_d64_P16	5787640.78	
4	2s	2s_val_numcdb4	HOT_G256	1688366.56	
4	2s	2s_val_numcdb4	FB_ETC	1682640.06	
4	3s	3s_thr_i4e4w2	GET_d32_P32	4875064.78	
4	3s	3s_thr_i4e4w2	GET_d256_P32	4089307.81	
4	3s	3s_thr_i4e4w2	SET_d256_P32	4157955.17	
4	3s	3s_thr_i4e4w2	GET_d1024_P32	2553166.90	
4	3s	3s_thr_i4e4w2	MIX_d64_P16	4866610.07	
4	3s	3s_thr_i4e4w2	HOT_G256	2360865.44	
4	3s	3s_thr_i4e4w2	FB_ETC	2290553.60	
4	3s	3s_thr_i3e4w3	GET_d32_P32	4958104.45	
4	3s	3s_thr_i3e4w3	GET_d256_P32	4085049.22	
4	3s	3s_thr_i3e4w3	SET_d256_P32	4042819.16	
4	3s	3s_thr_i3e4w3	GET_d1024_P32	2831797.18	
4	3s	3s_thr_i3e4w3	MIX_d64_P16	4813107.90	
4	3s	3s_thr_i3e4w3	HOT_G256	2392809.46	
4	3s	3s_thr_i3e4w3	FB_ETC	2305276.10	
4	3s	3s_thr_i4e3w3	GET_d32_P32	0	
4	3s	3s_thr_i4e3w3	GET_d256_P32	4601153.90	
4	3s	3s_thr_i4e3w3	SET_d256_P32	4502434.15	
4	3s	3s_thr_i4e3w3	GET_d1024_P32	2935067.76	
4	3s	3s_thr_i4e3w3	MIX_d64_P16	4973152.93	
4	3s	3s_thr_i4e3w3	HOT_G256	3143295.11	
4	3s	3s_thr_i4e3w3	FB_ETC	3098251.38	
4	3s	3s_thr_i2e4w4	GET_d32_P32	0	
4	3s	3s_thr_i2e4w4	GET_d256_P32	0	
4	3s	3s_thr_i2e4w4	SET_d256_P32	0	
4	3s	3s_thr_i2e4w4	GET_d1024_P32	0	
4	3s	3s_thr_i2e4w4	MIX_d64_P16	0	
4	3s	3s_thr_i2e4w4	HOT_G256	0	
4	3s	3s_thr_i2e4w4	FB_ETC	0	
4	3s	3s_thr_i4e2w4	GET_d32_P32	5383505.57	
4	3s	3s_thr_i4e2w4	GET_d256_P32	4000189.74	
4	3s	3s_thr_i4e2w4	SET_d256_P32	3455086.51	
4	3s	3s_thr_i4e2w4	GET_d1024_P32	2895217.03	
4	3s	3s_thr_i4e2w4	MIX_d64_P16	4528526.04	
4	3s	3s_thr_i4e2w4	HOT_G256	3210854.31	
4	3s	3s_thr_i4e2w4	FB_ETC	3127262.00	
4	3s	3s_knob_tiered	GET_d32_P32	4947405.11	
4	3s	3s_knob_tiered	GET_d256_P32	4127924.16	
4	3s	3s_knob_tiered	SET_d256_P32	4233574.02	
4	3s	3s_knob_tiered	GET_d1024_P32	2810336.68	
4	3s	3s_knob_tiered	MIX_d64_P16	4813266.83	
4	3s	3s_knob_tiered	HOT_G256	2413001.71	
4	3s	3s_knob_tiered	FB_ETC	2342446.21	
4	3s	3s_knob_dirty	GET_d32_P32	4937408.06	
4	3s	3s_knob_dirty	GET_d256_P32	4045503.08	
4	3s	3s_knob_dirty	SET_d256_P32	4120635.43	
4	3s	3s_knob_dirty	GET_d1024_P32	2853861.24	
4	3s	3s_knob_dirty	MIX_d64_P16	4811249.94	
4	3s	3s_knob_dirty	HOT_G256	2436652.51	
4	3s	3s_knob_dirty	FB_ETC	2376132.22	
4	3s	3s_knob_mcdb	GET_d32_P32	4962216.08	
4	3s	3s_knob_mcdb	GET_d256_P32	4072987.79	
4	3s	3s_knob_mcdb	SET_d256_P32	4232112.24	
4	3s	3s_knob_mcdb	GET_d1024_P32	2829963.30	
4	3s	3s_knob_mcdb	MIX_d64_P16	4763477.04	
4	3s	3s_knob_mcdb	HOT_G256	2428194.07	
4	3s	3s_knob_mcdb	FB_ETC	2319530.44	
4	3s	3s_knob_nextop	GET_d32_P32	4939779.91	
4	3s	3s_knob_nextop	GET_d256_P32	3966705.78	
4	3s	3s_knob_nextop	SET_d256_P32	4160548.86	
4	3s	3s_knob_nextop	GET_d1024_P32	2847622.94	
4	3s	3s_knob_nextop	MIX_d64_P16	4859411.54	
4	3s	3s_knob_nextop	HOT_G256	2428371.48	
4	3s	3s_knob_nextop	FB_ETC	2298272.70	
4	3s	3s_knob_wbepoll	GET_d32_P32	4727369.06	
4	3s	3s_knob_wbepoll	GET_d256_P32	4053138.71	
4	3s	3s_knob_wbepoll	SET_d256_P32	4323656.91	
4	3s	3s_knob_wbepoll	GET_d1024_P32	2826354.87	
4	3s	3s_knob_wbepoll	MIX_d64_P16	4987633.48	
4	3s	3s_knob_wbepoll	HOT_G256	2330237.39	
4	3s	3s_knob_wbepoll	FB_ETC	2370606.82	
4	3s	3s_knob_allopt	GET_d32_P32	4944566.98	
4	3s	3s_knob_allopt	GET_d256_P32	4067516.64	
4	3s	3s_knob_allopt	SET_d256_P32	4200690.82	
4	3s	3s_knob_allopt	GET_d1024_P32	2853321.67	
4	3s	3s_knob_allopt	MIX_d64_P16	4877187.84	
4	3s	3s_knob_allopt	HOT_G256	2375611.12	
4	3s	3s_knob_allopt	FB_ETC	2329622.58	
4	3s	3s_allopt_full	GET_d32_P32	4979692.76	
4	3s	3s_allopt_full	GET_d256_P32	4096763.59	
4	3s	3s_allopt_full	SET_d256_P32	4206371.02	
4	3s	3s_allopt_full	GET_d1024_P32	2819547.40	
4	3s	3s_allopt_full	MIX_d64_P16	4827224.11	
4	3s	3s_allopt_full	HOT_G256	2437183.89	
4	3s	3s_allopt_full	FB_ETC	2360814.96	
4	3s	3s_loo_notiered	GET_d32_P32	4887339.14	
4	3s	3s_loo_notiered	GET_d256_P32	4156242.73	
4	3s	3s_loo_notiered	SET_d256_P32	4233279.99	
4	3s	3s_loo_notiered	GET_d1024_P32	2768776.09	
4	3s	3s_loo_notiered	MIX_d64_P16	4923607.46	
4	3s	3s_loo_notiered	HOT_G256	2352908.93	
4	3s	3s_loo_notiered	FB_ETC	2256288.68	
4	3s	3s_loo_nodirty	GET_d32_P32	4948326.45	
4	3s	3s_loo_nodirty	GET_d256_P32	4069493.96	
4	3s	3s_loo_nodirty	SET_d256_P32	4190977.95	
4	3s	3s_loo_nodirty	GET_d1024_P32	2797125.11	
4	3s	3s_loo_nodirty	MIX_d64_P16	4882037.13	
4	3s	3s_loo_nodirty	HOT_G256	2452150.33	
4	3s	3s_loo_nodirty	FB_ETC	2320652.33	
4	3s	3s_loo_nomcdb	GET_d32_P32	4953389.18	
4	3s	3s_loo_nomcdb	GET_d256_P32	4079432.62	
4	3s	3s_loo_nomcdb	SET_d256_P32	4176844.85	
4	3s	3s_loo_nomcdb	GET_d1024_P32	2846300.46	
4	3s	3s_loo_nomcdb	MIX_d64_P16	4745038.70	
4	3s	3s_loo_nomcdb	HOT_G256	2360371.55	
4	3s	3s_loo_nomcdb	FB_ETC	2291518.68	
4	3s	3s_loo_nonextop	GET_d32_P32	4949196.42	
4	3s	3s_loo_nonextop	GET_d256_P32	4048728.98	
4	3s	3s_loo_nonextop	SET_d256_P32	4175488.38	
4	3s	3s_loo_nonextop	GET_d1024_P32	2773951.55	
4	3s	3s_loo_nonextop	MIX_d64_P16	4885189.16	
4	3s	3s_loo_nonextop	HOT_G256	2347664.67	
4	3s	3s_loo_nonextop	FB_ETC	2318226.13	
4	3s	3s_val_nextop4	GET_d32_P32	4899446.97	
4	3s	3s_val_nextop4	GET_d256_P32	4036925.86	
4	3s	3s_val_nextop4	SET_d256_P32	4213946.43	
4	3s	3s_val_nextop4	GET_d1024_P32	2872989.06	
4	3s	3s_val_nextop4	MIX_d64_P16	4868774.27	
4	3s	3s_val_nextop4	HOT_G256	2340012.79	
4	3s	3s_val_nextop4	FB_ETC	2283876.39	
4	3s	3s_val_nextop16	GET_d32_P32	4936853.18	
4	3s	3s_val_nextop16	GET_d256_P32	4165360.87	
4	3s	3s_val_nextop16	SET_d256_P32	4284174.64	
4	3s	3s_val_nextop16	GET_d1024_P32	2794604.16	
4	3s	3s_val_nextop16	MIX_d64_P16	4812008.81	
4	3s	3s_val_nextop16	HOT_G256	2418602.32	
4	3s	3s_val_nextop16	FB_ETC	2340545.83	
4	3s	3s_val_nextop64	GET_d32_P32	4892236.35	
4	3s	3s_val_nextop64	GET_d256_P32	4122142.45	
4	3s	3s_val_nextop64	SET_d256_P32	4240041.80	
4	3s	3s_val_nextop64	GET_d1024_P32	2804803.28	
4	3s	3s_val_nextop64	MIX_d64_P16	4810604.41	
4	3s	3s_val_nextop64	HOT_G256	2373177.39	
4	3s	3s_val_nextop64	FB_ETC	2295374.26	
4	3s	3s_val_numcdb2	GET_d32_P32	4931023.10	
4	3s	3s_val_numcdb2	GET_d256_P32	4040390.76	
4	3s	3s_val_numcdb2	SET_d256_P32	4295322.47	
4	3s	3s_val_numcdb2	GET_d1024_P32	2848696.47	
4	3s	3s_val_numcdb2	MIX_d64_P16	4835430.64	
4	3s	3s_val_numcdb2	HOT_G256	2422833.48	
4	3s	3s_val_numcdb2	FB_ETC	2287248.39	
4	3s	3s_val_numcdb4	GET_d32_P32	4977413.45	
4	3s	3s_val_numcdb4	GET_d256_P32	4060222.88	
4	3s	3s_val_numcdb4	SET_d256_P32	4241608.57	
4	3s	3s_val_numcdb4	GET_d1024_P32	2892984.92	
4	3s	3s_val_numcdb4	MIX_d64_P16	4926743.55	
4	3s	3s_val_numcdb4	HOT_G256	2351426.28	
4	3s	3s_val_numcdb4	FB_ETC	2345522.74	
4	base	base_redis	GET_d32_P32	4438750.07	
4	base	base_redis	GET_d256_P32	4053748.58	
4	base	base_redis	SET_d256_P32	3550223.53	
4	base	base_redis	GET_d1024_P32	3308582.43	
4	base	base_redis	MIX_d64_P16	4006656.70	
4	base	base_redis	HOT_G256	3563619.96	
4	base	base_redis	FB_ETC	3262690.91	
4	base	base_keydb	GET_d32_P32	3397693.76	
4	base	base_keydb	GET_d256_P32	3418420.18	
4	base	base_keydb	SET_d256_P32	1873904.62	
4	base	base_keydb	GET_d1024_P32	1940295.27	
4	base	base_keydb	MIX_d64_P16	2740107.72	
4	base	base_keydb	HOT_G256	2940069.18	
4	base	base_keydb	FB_ETC	2840369.56	
4	base	base_dragonfly	GET_d32_P32	6024285.19	
4	base	base_dragonfly	GET_d256_P32	1271336.98	
4	base	base_dragonfly	SET_d256_P32	4753557.00	
4	base	base_dragonfly	GET_d1024_P32	1123736.87	
4	base	base_dragonfly	MIX_d64_P16	4440355.78	
4	base	base_dragonfly	HOT_G256	1188339.96	
4	base	base_dragonfly	FB_ETC	3012865.79	
5	2s	2s_thr_io4w4	GET_d32_P32	6393516.90	
5	2s	2s_thr_io4w4	GET_d256_P32	3079375.80	
5	2s	2s_thr_io4w4	SET_d256_P32	4466486.87	
5	2s	2s_thr_io4w4	GET_d1024_P32	2109649.17	
5	2s	2s_thr_io4w4	MIX_d64_P16	4790368.74	
5	2s	2s_thr_io4w4	HOT_G256	1501790.73	
5	2s	2s_thr_io4w4	FB_ETC	1970467.51	
5	2s	2s_thr_io6w4	GET_d32_P32	8092107.90	
5	2s	2s_thr_io6w4	GET_d256_P32	3077228.79	
5	2s	2s_thr_io6w4	SET_d256_P32	5405052.69	
5	2s	2s_thr_io6w4	GET_d1024_P32	2443925.65	
5	2s	2s_thr_io6w4	MIX_d64_P16	5682857.80	
5	2s	2s_thr_io6w4	HOT_G256	1628777.07	
5	2s	2s_thr_io6w4	FB_ETC	1620535.62	
5	2s	2s_thr_io8w4	GET_d32_P32	7632762.31	
5	2s	2s_thr_io8w4	GET_d256_P32	2942349.36	
5	2s	2s_thr_io8w4	SET_d256_P32	5137819.47	
5	2s	2s_thr_io8w4	GET_d1024_P32	2568565.63	
5	2s	2s_thr_io8w4	MIX_d64_P16	5537523.49	
5	2s	2s_thr_io8w4	HOT_G256	1737424.92	
5	2s	2s_thr_io8w4	FB_ETC	1686522.07	
5	2s	2s_thr_io4w2	GET_d32_P32	5179910.02	
5	2s	2s_thr_io4w2	GET_d256_P32	2612620.76	
5	2s	2s_thr_io4w2	SET_d256_P32	3334676.11	
5	2s	2s_thr_io4w2	GET_d1024_P32	2147301.30	
5	2s	2s_thr_io4w2	MIX_d64_P16	4101552.13	
5	2s	2s_thr_io4w2	HOT_G256	1462946.18	
5	2s	2s_thr_io4w2	FB_ETC	1498743.69	
5	2s	2s_thr_io2w8	GET_d32_P32	3683925.01	
5	2s	2s_thr_io2w8	GET_d256_P32	2085472.06	
5	2s	2s_thr_io2w8	SET_d256_P32	2605711.23	
5	2s	2s_thr_io2w8	GET_d1024_P32	1415327.55	
5	2s	2s_thr_io2w8	MIX_d64_P16	2568259.58	
5	2s	2s_thr_io2w8	HOT_G256	1004046.76	
5	2s	2s_thr_io2w8	FB_ETC	983890.49	
5	2s	2s_knob_dirty	GET_d32_P32	7874885.73	
5	2s	2s_knob_dirty	GET_d256_P32	2813867.41	
5	2s	2s_knob_dirty	SET_d256_P32	5627166.60	
5	2s	2s_knob_dirty	GET_d1024_P32	2414752.09	
5	2s	2s_knob_dirty	MIX_d64_P16	5499242.58	
5	2s	2s_knob_dirty	HOT_G256	1679013.31	
5	2s	2s_knob_dirty	FB_ETC	1626136.31	
5	2s	2s_knob_mcdb	GET_d32_P32	7909601.68	
5	2s	2s_knob_mcdb	GET_d256_P32	2862633.16	
5	2s	2s_knob_mcdb	SET_d256_P32	5447487.09	
5	2s	2s_knob_mcdb	GET_d1024_P32	2330857.88	
5	2s	2s_knob_mcdb	MIX_d64_P16	5834211.46	
5	2s	2s_knob_mcdb	HOT_G256	1660796.35	
5	2s	2s_knob_mcdb	FB_ETC	1609081.78	
5	2s	2s_knob_nextop	GET_d32_P32	7873364.58	
5	2s	2s_knob_nextop	GET_d256_P32	2989926.52	
5	2s	2s_knob_nextop	SET_d256_P32	5571535.24	
5	2s	2s_knob_nextop	GET_d1024_P32	2396723.49	
5	2s	2s_knob_nextop	MIX_d64_P16	5662172.71	
5	2s	2s_knob_nextop	HOT_G256	1615330.00	
5	2s	2s_knob_nextop	FB_ETC	2084221.48	
5	2s	2s_knob_uring	GET_d32_P32	7621328.31	
5	2s	2s_knob_uring	GET_d256_P32	2843746.22	
5	2s	2s_knob_uring	SET_d256_P32	5356065.02	
5	2s	2s_knob_uring	GET_d1024_P32	2325872.85	
5	2s	2s_knob_uring	MIX_d64_P16	5420742.03	
5	2s	2s_knob_uring	HOT_G256	1607120.72	
5	2s	2s_knob_uring	FB_ETC	1563879.53	
5	2s	2s_knob_allopt	GET_d32_P32	7979783.23	
5	2s	2s_knob_allopt	GET_d256_P32	3108835.30	
5	2s	2s_knob_allopt	SET_d256_P32	5199111.76	
5	2s	2s_knob_allopt	GET_d1024_P32	2380817.40	
5	2s	2s_knob_allopt	MIX_d64_P16	5716483.17	
5	2s	2s_knob_allopt	HOT_G256	1665798.27	
5	2s	2s_knob_allopt	FB_ETC	1617803.95	
5	2s	2s_allopt_full	GET_d32_P32	7574144.86	
5	2s	2s_allopt_full	GET_d256_P32	2676505.26	
5	2s	2s_allopt_full	SET_d256_P32	4981180.08	
5	2s	2s_allopt_full	GET_d1024_P32	2325755.72	
5	2s	2s_allopt_full	MIX_d64_P16	5301941.77	
5	2s	2s_allopt_full	HOT_G256	1581230.40	
5	2s	2s_allopt_full	FB_ETC	1550777.85	
5	2s	2s_loo_nodirty	GET_d32_P32	7467662.32	
5	2s	2s_loo_nodirty	GET_d256_P32	2731980.93	
5	2s	2s_loo_nodirty	SET_d256_P32	5109014.73	
5	2s	2s_loo_nodirty	GET_d1024_P32	2300949.93	
5	2s	2s_loo_nodirty	MIX_d64_P16	5291996.00	
5	2s	2s_loo_nodirty	HOT_G256	1579959.50	
5	2s	2s_loo_nodirty	FB_ETC	1544126.56	
5	2s	2s_loo_nomcdb	GET_d32_P32	7575961.89	
5	2s	2s_loo_nomcdb	GET_d256_P32	2840624.18	
5	2s	2s_loo_nomcdb	SET_d256_P32	5128104.99	
5	2s	2s_loo_nomcdb	GET_d1024_P32	2313505.31	
5	2s	2s_loo_nomcdb	MIX_d64_P16	5314115.47	
5	2s	2s_loo_nomcdb	HOT_G256	1584609.23	
5	2s	2s_loo_nomcdb	FB_ETC	1562472.70	
5	2s	2s_loo_nonextop	GET_d32_P32	7427655.85	
5	2s	2s_loo_nonextop	GET_d256_P32	3135708.03	
5	2s	2s_loo_nonextop	SET_d256_P32	5147223.21	
5	2s	2s_loo_nonextop	GET_d1024_P32	2198986.52	
5	2s	2s_loo_nonextop	MIX_d64_P16	5256196.62	
5	2s	2s_loo_nonextop	HOT_G256	1617378.84	
5	2s	2s_loo_nonextop	FB_ETC	1557464.39	
5	2s	2s_loo_nouring	GET_d32_P32	7888565.87	
5	2s	2s_loo_nouring	GET_d256_P32	2840103.54	
5	2s	2s_loo_nouring	SET_d256_P32	5323985.54	
5	2s	2s_loo_nouring	GET_d1024_P32	2419953.36	
5	2s	2s_loo_nouring	MIX_d64_P16	5770851.30	
5	2s	2s_loo_nouring	HOT_G256	1708358.31	
5	2s	2s_loo_nouring	FB_ETC	1620164.85	
5	2s	2s_val_nextop4	GET_d32_P32	7806074.40	
5	2s	2s_val_nextop4	GET_d256_P32	2858444.81	
5	2s	2s_val_nextop4	SET_d256_P32	5160512.68	
5	2s	2s_val_nextop4	GET_d1024_P32	2397841.35	
5	2s	2s_val_nextop4	MIX_d64_P16	5657520.55	
5	2s	2s_val_nextop4	HOT_G256	1740745.29	
5	2s	2s_val_nextop4	FB_ETC	1791953.74	
5	2s	2s_val_nextop16	GET_d32_P32	8030423.02	
5	2s	2s_val_nextop16	GET_d256_P32	2869950.80	
5	2s	2s_val_nextop16	SET_d256_P32	5418676.78	
5	2s	2s_val_nextop16	GET_d1024_P32	2442392.59	
5	2s	2s_val_nextop16	MIX_d64_P16	5753354.31	
5	2s	2s_val_nextop16	HOT_G256	1687632.63	
5	2s	2s_val_nextop16	FB_ETC	1606494.07	
5	2s	2s_val_nextop64	GET_d32_P32	7906314.55	
5	2s	2s_val_nextop64	GET_d256_P32	2772345.07	
5	2s	2s_val_nextop64	SET_d256_P32	5103982.32	
5	2s	2s_val_nextop64	GET_d1024_P32	2361991.26	
5	2s	2s_val_nextop64	MIX_d64_P16	5720308.39	
5	2s	2s_val_nextop64	HOT_G256	1666001.38	
5	2s	2s_val_nextop64	FB_ETC	1619970.58	
5	2s	2s_val_numcdb2	GET_d32_P32	7994560.28	
5	2s	2s_val_numcdb2	GET_d256_P32	2874762.86	
5	2s	2s_val_numcdb2	SET_d256_P32	5157365.75	
5	2s	2s_val_numcdb2	GET_d1024_P32	2419796.46	
5	2s	2s_val_numcdb2	MIX_d64_P16	5747088.54	
5	2s	2s_val_numcdb2	HOT_G256	1656343.87	
5	2s	2s_val_numcdb2	FB_ETC	1619783.82	
5	2s	2s_val_numcdb4	GET_d32_P32	7999685.84	
5	2s	2s_val_numcdb4	GET_d256_P32	2797090.03	
5	2s	2s_val_numcdb4	SET_d256_P32	5327903.65	
5	2s	2s_val_numcdb4	GET_d1024_P32	2404012.70	
5	2s	2s_val_numcdb4	MIX_d64_P16	5818755.00	
5	2s	2s_val_numcdb4	HOT_G256	1681643.63	
5	2s	2s_val_numcdb4	FB_ETC	1615139.69	
5	3s	3s_thr_i4e4w2	GET_d32_P32	4911272.92	
5	3s	3s_thr_i4e4w2	GET_d256_P32	4096552.52	
5	3s	3s_thr_i4e4w2	SET_d256_P32	4242261.80	
5	3s	3s_thr_i4e4w2	GET_d1024_P32	2839047.68	
5	3s	3s_thr_i4e4w2	MIX_d64_P16	4803703.94	
5	3s	3s_thr_i4e4w2	HOT_G256	2458600.50	
5	3s	3s_thr_i4e4w2	FB_ETC	2359540.39	
5	3s	3s_thr_i3e4w3	GET_d32_P32	4837020.21	
5	3s	3s_thr_i3e4w3	GET_d256_P32	4083976.75	
5	3s	3s_thr_i3e4w3	SET_d256_P32	4023198.51	
5	3s	3s_thr_i3e4w3	GET_d1024_P32	2768562.90	
5	3s	3s_thr_i3e4w3	MIX_d64_P16	4859434.03	
5	3s	3s_thr_i3e4w3	HOT_G256	2393078.87	
5	3s	3s_thr_i3e4w3	FB_ETC	2365262.67	
5	3s	3s_thr_i4e3w3	GET_d32_P32	5921646.15	
5	3s	3s_thr_i4e3w3	GET_d256_P32	4575386.86	
5	3s	3s_thr_i4e3w3	SET_d256_P32	4489939.11	
5	3s	3s_thr_i4e3w3	GET_d1024_P32	2949478.80	
5	3s	3s_thr_i4e3w3	MIX_d64_P16	5095522.15	
5	3s	3s_thr_i4e3w3	HOT_G256	3112124.18	
5	3s	3s_thr_i4e3w3	FB_ETC	3085045.13	
5	3s	3s_thr_i2e4w4	GET_d32_P32	0	
5	3s	3s_thr_i2e4w4	GET_d256_P32	0	
5	3s	3s_thr_i2e4w4	SET_d256_P32	0	
5	3s	3s_thr_i2e4w4	GET_d1024_P32	0	
5	3s	3s_thr_i2e4w4	MIX_d64_P16	0	
5	3s	3s_thr_i2e4w4	HOT_G256	0	
5	3s	3s_thr_i2e4w4	FB_ETC	0	
5	3s	3s_thr_i4e2w4	GET_d32_P32	5658686.39	
5	3s	3s_thr_i4e2w4	GET_d256_P32	4047801.53	
5	3s	3s_thr_i4e2w4	SET_d256_P32	3497222.14	
5	3s	3s_thr_i4e2w4	GET_d1024_P32	2945533.97	
5	3s	3s_thr_i4e2w4	MIX_d64_P16	4382785.12	
5	3s	3s_thr_i4e2w4	HOT_G256	3172366.07	
5	3s	3s_thr_i4e2w4	FB_ETC	3135791.51	
5	3s	3s_knob_tiered	GET_d32_P32	4905543.87	
5	3s	3s_knob_tiered	GET_d256_P32	4079908.47	
5	3s	3s_knob_tiered	SET_d256_P32	4151866.09	
5	3s	3s_knob_tiered	GET_d1024_P32	2865015.10	
5	3s	3s_knob_tiered	MIX_d64_P16	4869514.00	
5	3s	3s_knob_tiered	HOT_G256	2416823.83	
5	3s	3s_knob_tiered	FB_ETC	2291870.71	
5	3s	3s_knob_dirty	GET_d32_P32	4851692.51	
5	3s	3s_knob_dirty	GET_d256_P32	4090296.30	
5	3s	3s_knob_dirty	SET_d256_P32	4229969.11	
5	3s	3s_knob_dirty	GET_d1024_P32	2802509.13	
5	3s	3s_knob_dirty	MIX_d64_P16	4846140.68	
5	3s	3s_knob_dirty	HOT_G256	2405511.62	
5	3s	3s_knob_dirty	FB_ETC	2303842.16	
5	3s	3s_knob_mcdb	GET_d32_P32	4748309.32	
5	3s	3s_knob_mcdb	GET_d256_P32	4030333.40	
5	3s	3s_knob_mcdb	SET_d256_P32	4265190.91	
5	3s	3s_knob_mcdb	GET_d1024_P32	2847976.46	
5	3s	3s_knob_mcdb	MIX_d64_P16	4782866.24	
5	3s	3s_knob_mcdb	HOT_G256	2406269.46	
5	3s	3s_knob_mcdb	FB_ETC	2335153.05	
5	3s	3s_knob_nextop	GET_d32_P32	4960728.41	
5	3s	3s_knob_nextop	GET_d256_P32	4117952.79	
5	3s	3s_knob_nextop	SET_d256_P32	4242742.22	
5	3s	3s_knob_nextop	GET_d1024_P32	2836773.73	
5	3s	3s_knob_nextop	MIX_d64_P16	4892568.12	
5	3s	3s_knob_nextop	HOT_G256	2422751.70	
5	3s	3s_knob_nextop	FB_ETC	2321608.17	
5	3s	3s_knob_wbepoll	GET_d32_P32	4869364.30	
5	3s	3s_knob_wbepoll	GET_d256_P32	3997965.08	
5	3s	3s_knob_wbepoll	SET_d256_P32	4363617.23	
5	3s	3s_knob_wbepoll	GET_d1024_P32	2896141.75	
5	3s	3s_knob_wbepoll	MIX_d64_P16	5051029.70	
5	3s	3s_knob_wbepoll	HOT_G256	2278666.89	
5	3s	3s_knob_wbepoll	FB_ETC	2257995.92	
5	3s	3s_knob_allopt	GET_d32_P32	4905335.18	
5	3s	3s_knob_allopt	GET_d256_P32	4072450.09	
5	3s	3s_knob_allopt	SET_d256_P32	4310985.72	
5	3s	3s_knob_allopt	GET_d1024_P32	2820440.00	
5	3s	3s_knob_allopt	MIX_d64_P16	4933488.99	
5	3s	3s_knob_allopt	HOT_G256	2314814.30	
5	3s	3s_knob_allopt	FB_ETC	2382080.75	
5	3s	3s_allopt_full	GET_d32_P32	4899770.50	
5	3s	3s_allopt_full	GET_d256_P32	4055307.12	
5	3s	3s_allopt_full	SET_d256_P32	4192063.84	
5	3s	3s_allopt_full	GET_d1024_P32	2819536.17	
5	3s	3s_allopt_full	MIX_d64_P16	4814892.24	
5	3s	3s_allopt_full	HOT_G256	2446892.10	
5	3s	3s_allopt_full	FB_ETC	2343911.83	
5	3s	3s_loo_notiered	GET_d32_P32	4909295.91	
5	3s	3s_loo_notiered	GET_d256_P32	4077330.38	
5	3s	3s_loo_notiered	SET_d256_P32	4264587.92	
5	3s	3s_loo_notiered	GET_d1024_P32	2853142.23	
5	3s	3s_loo_notiered	MIX_d64_P16	4818725.43	
5	3s	3s_loo_notiered	HOT_G256	2387396.27	
5	3s	3s_loo_notiered	FB_ETC	2330672.33	
5	3s	3s_loo_nodirty	GET_d32_P32	4874264.38	
5	3s	3s_loo_nodirty	GET_d256_P32	4038133.13	
5	3s	3s_loo_nodirty	SET_d256_P32	4222007.01	
5	3s	3s_loo_nodirty	GET_d1024_P32	2868714.33	
5	3s	3s_loo_nodirty	MIX_d64_P16	4938082.51	
5	3s	3s_loo_nodirty	HOT_G256	2427029.45	
5	3s	3s_loo_nodirty	FB_ETC	2306080.54	
5	3s	3s_loo_nomcdb	GET_d32_P32	4878006.93	
5	3s	3s_loo_nomcdb	GET_d256_P32	4076653.66	
5	3s	3s_loo_nomcdb	SET_d256_P32	4223768.14	
5	3s	3s_loo_nomcdb	GET_d1024_P32	2912473.33	
5	3s	3s_loo_nomcdb	MIX_d64_P16	4894093.58	
5	3s	3s_loo_nomcdb	HOT_G256	2406770.67	
5	3s	3s_loo_nomcdb	FB_ETC	2351018.57	
5	3s	3s_loo_nonextop	GET_d32_P32	4884411.30	
5	3s	3s_loo_nonextop	GET_d256_P32	4113137.42	
5	3s	3s_loo_nonextop	SET_d256_P32	4259685.29	
5	3s	3s_loo_nonextop	GET_d1024_P32	2850106.20	
5	3s	3s_loo_nonextop	MIX_d64_P16	4858642.39	
5	3s	3s_loo_nonextop	HOT_G256	2374953.99	
5	3s	3s_loo_nonextop	FB_ETC	2275723.96	
5	3s	3s_val_nextop4	GET_d32_P32	4903360.53	
5	3s	3s_val_nextop4	GET_d256_P32	4070847.46	
5	3s	3s_val_nextop4	SET_d256_P32	4225704.43	
5	3s	3s_val_nextop4	GET_d1024_P32	2818087.69	
5	3s	3s_val_nextop4	MIX_d64_P16	4806883.36	
5	3s	3s_val_nextop4	HOT_G256	2384257.74	
5	3s	3s_val_nextop4	FB_ETC	2265350.39	
5	3s	3s_val_nextop16	GET_d32_P32	4917829.36	
5	3s	3s_val_nextop16	GET_d256_P32	4089791.75	
5	3s	3s_val_nextop16	SET_d256_P32	4265474.10	
5	3s	3s_val_nextop16	GET_d1024_P32	2874869.88	
5	3s	3s_val_nextop16	MIX_d64_P16	4854381.17	
5	3s	3s_val_nextop16	HOT_G256	2385584.22	
5	3s	3s_val_nextop16	FB_ETC	2325761.63	
5	3s	3s_val_nextop64	GET_d32_P32	4908966.93	
5	3s	3s_val_nextop64	GET_d256_P32	4107764.82	
5	3s	3s_val_nextop64	SET_d256_P32	4213915.64	
5	3s	3s_val_nextop64	GET_d1024_P32	2887752.17	
5	3s	3s_val_nextop64	MIX_d64_P16	4846737.19	
5	3s	3s_val_nextop64	HOT_G256	2370713.24	
5	3s	3s_val_nextop64	FB_ETC	2321204.09	
5	3s	3s_val_numcdb2	GET_d32_P32	4864780.98	
5	3s	3s_val_numcdb2	GET_d256_P32	4018607.38	
5	3s	3s_val_numcdb2	SET_d256_P32	4207856.55	
5	3s	3s_val_numcdb2	GET_d1024_P32	2835570.32	
5	3s	3s_val_numcdb2	MIX_d64_P16	4881609.75	
5	3s	3s_val_numcdb2	HOT_G256	2417082.59	
5	3s	3s_val_numcdb2	FB_ETC	2304131.66	
5	3s	3s_val_numcdb4	GET_d32_P32	4911502.66	
5	3s	3s_val_numcdb4	GET_d256_P32	4099717.19	
5	3s	3s_val_numcdb4	SET_d256_P32	4122106.81	
5	3s	3s_val_numcdb4	GET_d1024_P32	2769795.60	
5	3s	3s_val_numcdb4	MIX_d64_P16	4918803.19	
5	3s	3s_val_numcdb4	HOT_G256	2397770.22	
5	3s	3s_val_numcdb4	FB_ETC	2310007.38	
5	base	base_redis	GET_d32_P32	4425823.47	
5	base	base_redis	GET_d256_P32	4029850.83	
5	base	base_redis	SET_d256_P32	3590214.49	
5	base	base_redis	GET_d1024_P32	3316055.96	
5	base	base_redis	MIX_d64_P16	4009060.44	
5	base	base_redis	HOT_G256	3553459.62	
5	base	base_redis	FB_ETC	3275234.90	
5	base	base_keydb	GET_d32_P32	3377508.73	
5	base	base_keydb	GET_d256_P32	3440816.42	
5	base	base_keydb	SET_d256_P32	1963352.94	
5	base	base_keydb	GET_d1024_P32	1960672.47	
5	base	base_keydb	MIX_d64_P16	2644609.32	
5	base	base_keydb	HOT_G256	2944171.76	
5	base	base_keydb	FB_ETC	2860185.22	
5	base	base_dragonfly	GET_d32_P32	5996765.01	
5	base	base_dragonfly	GET_d256_P32	1266248.50	
5	base	base_dragonfly	SET_d256_P32	4740802.19	
5	base	base_dragonfly	GET_d1024_P32	1118250.22	
5	base	base_dragonfly	MIX_d64_P16	4427527.79	
5	base	base_dragonfly	HOT_G256	1189141.76	
5	base	base_dragonfly	FB_ETC	3011543.59	
6	2s	2s_thr_io4w4	GET_d32_P32	6742873.81	
6	2s	2s_thr_io4w4	GET_d256_P32	2598655.56	
6	2s	2s_thr_io4w4	SET_d256_P32	4346027.90	
6	2s	2s_thr_io4w4	GET_d1024_P32	2131273.78	
6	2s	2s_thr_io4w4	MIX_d64_P16	4866050.71	
6	2s	2s_thr_io4w4	HOT_G256	1528521.17	
6	2s	2s_thr_io4w4	FB_ETC	1811852.17	
6	2s	2s_thr_io6w4	GET_d32_P32	7942267.78	
6	2s	2s_thr_io6w4	GET_d256_P32	2768254.47	
6	2s	2s_thr_io6w4	SET_d256_P32	5476219.49	
6	2s	2s_thr_io6w4	GET_d1024_P32	2363726.85	
6	2s	2s_thr_io6w4	MIX_d64_P16	5775821.39	
6	2s	2s_thr_io6w4	HOT_G256	1642558.14	
6	2s	2s_thr_io6w4	FB_ETC	1700709.86	
6	2s	2s_thr_io8w4	GET_d32_P32	7695951.13	
6	2s	2s_thr_io8w4	GET_d256_P32	3034860.09	
6	2s	2s_thr_io8w4	SET_d256_P32	5276649.70	
6	2s	2s_thr_io8w4	GET_d1024_P32	2548525.96	
6	2s	2s_thr_io8w4	MIX_d64_P16	5576776.49	
6	2s	2s_thr_io8w4	HOT_G256	1704030.13	
6	2s	2s_thr_io8w4	FB_ETC	1675929.08	
6	2s	2s_thr_io4w2	GET_d32_P32	5396656.74	
6	2s	2s_thr_io4w2	GET_d256_P32	2516084.59	
6	2s	2s_thr_io4w2	SET_d256_P32	3156592.30	
6	2s	2s_thr_io4w2	GET_d1024_P32	2139300.57	
6	2s	2s_thr_io4w2	MIX_d64_P16	3919321.94	
6	2s	2s_thr_io4w2	HOT_G256	1636721.93	
6	2s	2s_thr_io4w2	FB_ETC	1601680.84	
6	2s	2s_thr_io2w8	GET_d32_P32	3673987.50	
6	2s	2s_thr_io2w8	GET_d256_P32	1699557.51	
6	2s	2s_thr_io2w8	SET_d256_P32	2932870.65	
6	2s	2s_thr_io2w8	GET_d1024_P32	1451800.82	
6	2s	2s_thr_io2w8	MIX_d64_P16	2598344.72	
6	2s	2s_thr_io2w8	HOT_G256	1026223.38	
6	2s	2s_thr_io2w8	FB_ETC	982640.38	
6	2s	2s_knob_dirty	GET_d32_P32	7951256.89	
6	2s	2s_knob_dirty	GET_d256_P32	2867607.91	
6	2s	2s_knob_dirty	SET_d256_P32	5596053.64	
6	2s	2s_knob_dirty	GET_d1024_P32	2376938.38	
6	2s	2s_knob_dirty	MIX_d64_P16	5790341.65	
6	2s	2s_knob_dirty	HOT_G256	1648647.44	
6	2s	2s_knob_dirty	FB_ETC	1609281.44	
6	2s	2s_knob_mcdb	GET_d32_P32	7888266.31	
6	2s	2s_knob_mcdb	GET_d256_P32	2870637.23	
6	2s	2s_knob_mcdb	SET_d256_P32	5384377.87	
6	2s	2s_knob_mcdb	GET_d1024_P32	2383618.94	
6	2s	2s_knob_mcdb	MIX_d64_P16	5734892.58	
6	2s	2s_knob_mcdb	HOT_G256	1719904.31	
6	2s	2s_knob_mcdb	FB_ETC	1578566.83	
6	2s	2s_knob_nextop	GET_d32_P32	7822612.80	
6	2s	2s_knob_nextop	GET_d256_P32	3158690.34	
6	2s	2s_knob_nextop	SET_d256_P32	4935803.95	
6	2s	2s_knob_nextop	GET_d1024_P32	2350283.63	
6	2s	2s_knob_nextop	MIX_d64_P16	5699516.25	
6	2s	2s_knob_nextop	HOT_G256	1618417.83	
6	2s	2s_knob_nextop	FB_ETC	1653873.20	
6	2s	2s_knob_uring	GET_d32_P32	7608841.47	
6	2s	2s_knob_uring	GET_d256_P32	2766088.30	
6	2s	2s_knob_uring	SET_d256_P32	5087125.45	
6	2s	2s_knob_uring	GET_d1024_P32	2313549.01	
6	2s	2s_knob_uring	MIX_d64_P16	5242338.11	
6	2s	2s_knob_uring	HOT_G256	1584246.72	
6	2s	2s_knob_uring	FB_ETC	1561550.50	
6	2s	2s_knob_allopt	GET_d32_P32	7879658.46	
6	2s	2s_knob_allopt	GET_d256_P32	2747155.81	
6	2s	2s_knob_allopt	SET_d256_P32	5463786.58	
6	2s	2s_knob_allopt	GET_d1024_P32	2369431.87	
6	2s	2s_knob_allopt	MIX_d64_P16	5693307.18	
6	2s	2s_knob_allopt	HOT_G256	1667220.96	
6	2s	2s_knob_allopt	FB_ETC	1621340.74	
6	2s	2s_allopt_full	GET_d32_P32	7679592.42	
6	2s	2s_allopt_full	GET_d256_P32	2774683.31	
6	2s	2s_allopt_full	SET_d256_P32	5131463.91	
6	2s	2s_allopt_full	GET_d1024_P32	2302735.31	
6	2s	2s_allopt_full	MIX_d64_P16	5321053.95	
6	2s	2s_allopt_full	HOT_G256	1579960.34	
6	2s	2s_allopt_full	FB_ETC	1549014.80	
6	2s	2s_loo_nodirty	GET_d32_P32	7435527.98	
6	2s	2s_loo_nodirty	GET_d256_P32	2809817.41	
6	2s	2s_loo_nodirty	SET_d256_P32	5502253.58	
6	2s	2s_loo_nodirty	GET_d1024_P32	2269123.94	
6	2s	2s_loo_nodirty	MIX_d64_P16	5302885.64	
6	2s	2s_loo_nodirty	HOT_G256	1606023.20	
6	2s	2s_loo_nodirty	FB_ETC	1564338.62	
6	2s	2s_loo_nomcdb	GET_d32_P32	7489663.01	
6	2s	2s_loo_nomcdb	GET_d256_P32	2787045.07	
6	2s	2s_loo_nomcdb	SET_d256_P32	5205179.64	
6	2s	2s_loo_nomcdb	GET_d1024_P32	2280843.16	
6	2s	2s_loo_nomcdb	MIX_d64_P16	5285509.27	
6	2s	2s_loo_nomcdb	HOT_G256	1601865.02	
6	2s	2s_loo_nomcdb	FB_ETC	1547040.55	
6	2s	2s_loo_nonextop	GET_d32_P32	7454131.71	
6	2s	2s_loo_nonextop	GET_d256_P32	2738533.98	
6	2s	2s_loo_nonextop	SET_d256_P32	5426960.46	
6	2s	2s_loo_nonextop	GET_d1024_P32	2234644.96	
6	2s	2s_loo_nonextop	MIX_d64_P16	5207543.51	
6	2s	2s_loo_nonextop	HOT_G256	1605886.67	
6	2s	2s_loo_nonextop	FB_ETC	1587346.67	
6	2s	2s_loo_nouring	GET_d32_P32	7886577.29	
6	2s	2s_loo_nouring	GET_d256_P32	2882633.19	
6	2s	2s_loo_nouring	SET_d256_P32	5326490.61	
6	2s	2s_loo_nouring	GET_d1024_P32	2374966.06	
6	2s	2s_loo_nouring	MIX_d64_P16	5647399.99	
6	2s	2s_loo_nouring	HOT_G256	1793811.62	
6	2s	2s_loo_nouring	FB_ETC	1640353.66	
6	2s	2s_val_nextop4	GET_d32_P32	8016056.16	
6	2s	2s_val_nextop4	GET_d256_P32	3041547.54	
6	2s	2s_val_nextop4	SET_d256_P32	5271482.17	
6	2s	2s_val_nextop4	GET_d1024_P32	2393902.02	
6	2s	2s_val_nextop4	MIX_d64_P16	5732767.89	
6	2s	2s_val_nextop4	HOT_G256	1660820.90	
6	2s	2s_val_nextop4	FB_ETC	1594689.32	
6	2s	2s_val_nextop16	GET_d32_P32	7861660.29	
6	2s	2s_val_nextop16	GET_d256_P32	2823319.34	
6	2s	2s_val_nextop16	SET_d256_P32	5290775.54	
6	2s	2s_val_nextop16	GET_d1024_P32	2336841.51	
6	2s	2s_val_nextop16	MIX_d64_P16	5693438.61	
6	2s	2s_val_nextop16	HOT_G256	1724953.76	
6	2s	2s_val_nextop16	FB_ETC	1642807.74	
6	2s	2s_val_nextop64	GET_d32_P32	7900084.46	
6	2s	2s_val_nextop64	GET_d256_P32	2831817.29	
6	2s	2s_val_nextop64	SET_d256_P32	5299583.69	
6	2s	2s_val_nextop64	GET_d1024_P32	2362392.85	
6	2s	2s_val_nextop64	MIX_d64_P16	5721907.34	
6	2s	2s_val_nextop64	HOT_G256	1635535.52	
6	2s	2s_val_nextop64	FB_ETC	1618330.55	
6	2s	2s_val_numcdb2	GET_d32_P32	8099501.31	
6	2s	2s_val_numcdb2	GET_d256_P32	3244576.87	
6	2s	2s_val_numcdb2	SET_d256_P32	5166405.76	
6	2s	2s_val_numcdb2	GET_d1024_P32	2389743.20	
6	2s	2s_val_numcdb2	MIX_d64_P16	5666235.06	
6	2s	2s_val_numcdb2	HOT_G256	1674654.07	
6	2s	2s_val_numcdb2	FB_ETC	1588231.37	
6	2s	2s_val_numcdb4	GET_d32_P32	7945854.23	
6	2s	2s_val_numcdb4	GET_d256_P32	2907492.79	
6	2s	2s_val_numcdb4	SET_d256_P32	5186360.64	
6	2s	2s_val_numcdb4	GET_d1024_P32	2352449.69	
6	2s	2s_val_numcdb4	MIX_d64_P16	5785155.72	
6	2s	2s_val_numcdb4	HOT_G256	1672859.55	
6	2s	2s_val_numcdb4	FB_ETC	1594405.22	
6	3s	3s_thr_i4e4w2	GET_d32_P32	0	
6	3s	3s_thr_i4e4w2	GET_d256_P32	0	
6	3s	3s_thr_i4e4w2	SET_d256_P32	0	
6	3s	3s_thr_i4e4w2	GET_d1024_P32	0	
6	3s	3s_thr_i4e4w2	MIX_d64_P16	0	
6	3s	3s_thr_i4e4w2	HOT_G256	0	
6	3s	3s_thr_i4e4w2	FB_ETC	0	
6	3s	3s_thr_i3e4w3	GET_d32_P32	4937990.15	
6	3s	3s_thr_i3e4w3	GET_d256_P32	4070915.10	
6	3s	3s_thr_i3e4w3	SET_d256_P32	3984022.69	
6	3s	3s_thr_i3e4w3	GET_d1024_P32	2835158.75	
6	3s	3s_thr_i3e4w3	MIX_d64_P16	4806918.85	
6	3s	3s_thr_i3e4w3	HOT_G256	2461552.46	
6	3s	3s_thr_i3e4w3	FB_ETC	2361142.35	
6	3s	3s_thr_i4e3w3	GET_d32_P32	6083312.23	
6	3s	3s_thr_i4e3w3	GET_d256_P32	4550784.36	
6	3s	3s_thr_i4e3w3	SET_d256_P32	4438002.11	
6	3s	3s_thr_i4e3w3	GET_d1024_P32	2963919.85	
6	3s	3s_thr_i4e3w3	MIX_d64_P16	5067790.94	
6	3s	3s_thr_i4e3w3	HOT_G256	3127687.74	
6	3s	3s_thr_i4e3w3	FB_ETC	3125184.73	
6	3s	3s_thr_i2e4w4	GET_d32_P32	3501665.75	
6	3s	3s_thr_i2e4w4	GET_d256_P32	0	
6	3s	3s_thr_i2e4w4	SET_d256_P32	0	
6	3s	3s_thr_i2e4w4	GET_d1024_P32	0	
6	3s	3s_thr_i2e4w4	MIX_d64_P16	0	
6	3s	3s_thr_i2e4w4	HOT_G256	0	
6	3s	3s_thr_i2e4w4	FB_ETC	0	
6	3s	3s_thr_i4e2w4	GET_d32_P32	5551459.92	
6	3s	3s_thr_i4e2w4	GET_d256_P32	3942894.03	
6	3s	3s_thr_i4e2w4	SET_d256_P32	4046679.72	
6	3s	3s_thr_i4e2w4	GET_d1024_P32	3045352.33	
6	3s	3s_thr_i4e2w4	MIX_d64_P16	4329650.65	
6	3s	3s_thr_i4e2w4	HOT_G256	3204426.74	
6	3s	3s_thr_i4e2w4	FB_ETC	3119648.65	
6	3s	3s_knob_tiered	GET_d32_P32	4945618.75	
6	3s	3s_knob_tiered	GET_d256_P32	4077588.70	
6	3s	3s_knob_tiered	SET_d256_P32	4232202.44	
6	3s	3s_knob_tiered	GET_d1024_P32	2776938.58	
6	3s	3s_knob_tiered	MIX_d64_P16	4831613.07	
6	3s	3s_knob_tiered	HOT_G256	2341621.79	
6	3s	3s_knob_tiered	FB_ETC	2304234.48	
6	3s	3s_knob_dirty	GET_d32_P32	4910373.57	
6	3s	3s_knob_dirty	GET_d256_P32	4140833.70	
6	3s	3s_knob_dirty	SET_d256_P32	4200106.10	
6	3s	3s_knob_dirty	GET_d1024_P32	2885309.72	
6	3s	3s_knob_dirty	MIX_d64_P16	4866157.32	
6	3s	3s_knob_dirty	HOT_G256	2369237.27	
6	3s	3s_knob_dirty	FB_ETC	2325264.44	
6	3s	3s_knob_mcdb	GET_d32_P32	4985729.59	
6	3s	3s_knob_mcdb	GET_d256_P32	4074947.42	
6	3s	3s_knob_mcdb	SET_d256_P32	4187499.13	
6	3s	3s_knob_mcdb	GET_d1024_P32	2821189.48	
6	3s	3s_knob_mcdb	MIX_d64_P16	4889874.82	
6	3s	3s_knob_mcdb	HOT_G256	2398786.14	
6	3s	3s_knob_mcdb	FB_ETC	2238664.06	
6	3s	3s_knob_nextop	GET_d32_P32	4896381.99	
6	3s	3s_knob_nextop	GET_d256_P32	4110856.36	
6	3s	3s_knob_nextop	SET_d256_P32	4180956.14	
6	3s	3s_knob_nextop	GET_d1024_P32	2841457.08	
6	3s	3s_knob_nextop	MIX_d64_P16	4870319.44	
6	3s	3s_knob_nextop	HOT_G256	2373070.38	
6	3s	3s_knob_nextop	FB_ETC	2342587.68	
6	3s	3s_knob_wbepoll	GET_d32_P32	4775908.12	
6	3s	3s_knob_wbepoll	GET_d256_P32	4048942.54	
6	3s	3s_knob_wbepoll	SET_d256_P32	4332110.99	
6	3s	3s_knob_wbepoll	GET_d1024_P32	2892766.24	
6	3s	3s_knob_wbepoll	MIX_d64_P16	4967475.39	
6	3s	3s_knob_wbepoll	HOT_G256	2307873.89	
6	3s	3s_knob_wbepoll	FB_ETC	2318928.37	
6	3s	3s_knob_allopt	GET_d32_P32	4889589.65	
6	3s	3s_knob_allopt	GET_d256_P32	3999794.82	
6	3s	3s_knob_allopt	SET_d256_P32	4252012.50	
6	3s	3s_knob_allopt	GET_d1024_P32	2830604.35	
6	3s	3s_knob_allopt	MIX_d64_P16	4820054.01	
6	3s	3s_knob_allopt	HOT_G256	2355385.87	
6	3s	3s_knob_allopt	FB_ETC	2316090.73	
6	3s	3s_allopt_full	GET_d32_P32	4904848.71	
6	3s	3s_allopt_full	GET_d256_P32	4041121.91	
6	3s	3s_allopt_full	SET_d256_P32	4190888.01	
6	3s	3s_allopt_full	GET_d1024_P32	2870295.55	
6	3s	3s_allopt_full	MIX_d64_P16	4903375.66	
6	3s	3s_allopt_full	HOT_G256	2415255.10	
6	3s	3s_allopt_full	FB_ETC	2312601.02	
6	3s	3s_loo_notiered	GET_d32_P32	4885344.46	
6	3s	3s_loo_notiered	GET_d256_P32	4101882.94	
6	3s	3s_loo_notiered	SET_d256_P32	4157580.06	
6	3s	3s_loo_notiered	GET_d1024_P32	2907979.13	
6	3s	3s_loo_notiered	MIX_d64_P16	4744793.97	
6	3s	3s_loo_notiered	HOT_G256	2317983.82	
6	3s	3s_loo_notiered	FB_ETC	2290199.62	
6	3s	3s_loo_nodirty	GET_d32_P32	4915907.37	
6	3s	3s_loo_nodirty	GET_d256_P32	4044438.61	
6	3s	3s_loo_nodirty	SET_d256_P32	4174675.61	
6	3s	3s_loo_nodirty	GET_d1024_P32	2840163.39	
6	3s	3s_loo_nodirty	MIX_d64_P16	4910392.82	
6	3s	3s_loo_nodirty	HOT_G256	2439764.12	
6	3s	3s_loo_nodirty	FB_ETC	2317104.08	
6	3s	3s_loo_nomcdb	GET_d32_P32	4821310.51	
6	3s	3s_loo_nomcdb	GET_d256_P32	4021447.59	
6	3s	3s_loo_nomcdb	SET_d256_P32	4236281.65	
6	3s	3s_loo_nomcdb	GET_d1024_P32	2861193.51	
6	3s	3s_loo_nomcdb	MIX_d64_P16	4942043.39	
6	3s	3s_loo_nomcdb	HOT_G256	2370379.59	
6	3s	3s_loo_nomcdb	FB_ETC	2324815.10	
6	3s	3s_loo_nonextop	GET_d32_P32	4827543.86	
6	3s	3s_loo_nonextop	GET_d256_P32	4138311.87	
6	3s	3s_loo_nonextop	SET_d256_P32	4153999.53	
6	3s	3s_loo_nonextop	GET_d1024_P32	2818646.91	
6	3s	3s_loo_nonextop	MIX_d64_P16	4895869.05	
6	3s	3s_loo_nonextop	HOT_G256	2471432.98	
6	3s	3s_loo_nonextop	FB_ETC	2330322.32	
6	3s	3s_val_nextop4	GET_d32_P32	4903458.54	
6	3s	3s_val_nextop4	GET_d256_P32	4090754.05	
6	3s	3s_val_nextop4	SET_d256_P32	4211588.05	
6	3s	3s_val_nextop4	GET_d1024_P32	2856353.77	
6	3s	3s_val_nextop4	MIX_d64_P16	4849874.17	
6	3s	3s_val_nextop4	HOT_G256	2338051.63	
6	3s	3s_val_nextop4	FB_ETC	2363454.88	
6	3s	3s_val_nextop16	GET_d32_P32	4935947.45	
6	3s	3s_val_nextop16	GET_d256_P32	4090199.27	
6	3s	3s_val_nextop16	SET_d256_P32	4176223.04	
6	3s	3s_val_nextop16	GET_d1024_P32	2791880.51	
6	3s	3s_val_nextop16	MIX_d64_P16	4986823.32	
6	3s	3s_val_nextop16	HOT_G256	2392934.32	
6	3s	3s_val_nextop16	FB_ETC	2305469.84	
6	3s	3s_val_nextop64	GET_d32_P32	4921419.09	
6	3s	3s_val_nextop64	GET_d256_P32	4045995.29	
6	3s	3s_val_nextop64	SET_d256_P32	4193796.76	
6	3s	3s_val_nextop64	GET_d1024_P32	2854372.61	
6	3s	3s_val_nextop64	MIX_d64_P16	4893814.26	
6	3s	3s_val_nextop64	HOT_G256	2357285.18	
6	3s	3s_val_nextop64	FB_ETC	2284939.13	
6	3s	3s_val_numcdb2	GET_d32_P32	4838238.85	
6	3s	3s_val_numcdb2	GET_d256_P32	4094748.03	
6	3s	3s_val_numcdb2	SET_d256_P32	4151527.79	
6	3s	3s_val_numcdb2	GET_d1024_P32	2871013.66	
6	3s	3s_val_numcdb2	MIX_d64_P16	4942075.57	
6	3s	3s_val_numcdb2	HOT_G256	2389666.20	
6	3s	3s_val_numcdb2	FB_ETC	2287490.49	
6	3s	3s_val_numcdb4	GET_d32_P32	4944005.85	
6	3s	3s_val_numcdb4	GET_d256_P32	4007017.27	
6	3s	3s_val_numcdb4	SET_d256_P32	4226076.90	
6	3s	3s_val_numcdb4	GET_d1024_P32	2850668.46	
6	3s	3s_val_numcdb4	MIX_d64_P16	4883084.72	
6	3s	3s_val_numcdb4	HOT_G256	2325575.84	
6	3s	3s_val_numcdb4	FB_ETC	2276790.56	
6	base	base_redis	GET_d32_P32	4309148.56	
6	base	base_redis	GET_d256_P32	3959809.55	
6	base	base_redis	SET_d256_P32	3436651.86	
6	base	base_redis	GET_d1024_P32	3275843.88	
6	base	base_redis	MIX_d64_P16	3944007.71	
6	base	base_redis	HOT_G256	3503168.82	
6	base	base_redis	FB_ETC	3252984.57	
6	base	base_keydb	GET_d32_P32	3385570.29	
6	base	base_keydb	GET_d256_P32	3393376.00	
6	base	base_keydb	SET_d256_P32	2025491.98	
6	base	base_keydb	GET_d1024_P32	1907693.66	
6	base	base_keydb	MIX_d64_P16	2700329.27	
6	base	base_keydb	HOT_G256	2947938.07	
6	base	base_keydb	FB_ETC	2810556.93	
