io4ex4	GET32	1	7701301.37
io4ex4	MIX32	1	6636081.16
io4ex4	d512_19	1	2541259.39
io4ex4	d512_11	1	2498122.70
io4ex4	hot	1	2491897.30
io4ex4	fb	1	2509625.99
io4ex4	d4k_19	1	1258063.21
io4ex4	bitcount16k	1	3294012.10
io4ex4	hgetall	1	504179.22
io4ex4	zrange	1	900001.44
io4ex4	GET32	2	7762034.05
io4ex4	MIX32	2	6660389.18
io4ex4	d512_19	2	2525926.80
io4ex4	d512_11	2	2485011.99
io4ex4	hot	2	2518994.12
io4ex4	fb	2	2513556.66
io4ex4	d4k_19	2	1258884.60
io4ex4	bitcount16k	2	3311862.18
io4ex4	hgetall	2	503835.79
io4ex4	zrange	2	900614.15
io4ex4	GET32	3	7734859.93
io4ex4	MIX32	3	6847542.54
io4ex4	d512_19	3	2509543.09
io4ex4	d512_11	3	2444736.38
io4ex4	hot	3	2523150.32
io4ex4	fb	3	2503099.26
io4ex4	d4k_19	3	1257513.42
io4ex4	bitcount16k	3	3295095.62
io4ex4	hgetall	3	502613.39
io4ex4	zrange	3	894615.31
io2ex6	GET32	1	4169049.38
io2ex6	MIX32	1	3892556.13
io2ex6	d512_19	1	1410116.17
io2ex6	d512_11	1	1456861.08
io2ex6	hot	1	1355606.71
io2ex6	fb	1	1378314.66
io2ex6	d4k_19	1	769350.03
io2ex6	bitcount16k	1	1733436.31
io2ex6	hgetall	1	490904.10
io2ex6	zrange	1	679067.15
io2ex6	GET32	2	4277195.25
io2ex6	MIX32	2	3957585.35
io2ex6	d512_19	2	1376219.10
io2ex6	d512_11	2	1370855.22
io2ex6	hot	2	1403948.47
io2ex6	fb	2	1396945.38
io2ex6	d4k_19	2	783572.30
io2ex6	bitcount16k	2	1817761.14
io2ex6	hgetall	2	500250.44
io2ex6	zrange	2	680104.91
io2ex6	GET32	3	4273015.78
io2ex6	MIX32	3	3976581.61
io2ex6	d512_19	3	1405244.19
io2ex6	d512_11	3	1397399.65
io2ex6	hot	3	1415813.86
io2ex6	fb	3	1394139.04
io2ex6	d4k_19	3	773876.31
io2ex6	bitcount16k	3	1769878.61
io2ex6	hgetall	3	499500.12
io2ex6	zrange	3	683209.41
io6ex2	GET32	1	5397311.39
io6ex2	MIX32	1	4162332.30
io6ex2	d512_19	1	3442421.21
io6ex2	d512_11	1	3336750.02
io6ex2	hot	1	3549636.41
io6ex2	fb	1	3422497.04
io6ex2	d4k_19	1	1220439.92
io6ex2	bitcount16k	1	3380925.21
io6ex2	hgetall	1	369999.49
io6ex2	zrange	1	647096.15
io6ex2	GET32	2	4807162.02
io6ex2	MIX32	2	3902005.33
io6ex2	d512_19	2	3421619.93
io6ex2	d512_11	2	3249715.63
io6ex2	hot	2	3512465.71
io6ex2	fb	2	3514630.25
io6ex2	d4k_19	2	1226345.75
io6ex2	bitcount16k	2	3512350.16
io6ex2	hgetall	2	363108.66
io6ex2	zrange	2	633705.71
io6ex2	GET32	3	5047914.94
io6ex2	MIX32	3	3962356.07
io6ex2	d512_19	3	3509390.87
io6ex2	d512_11	3	3177882.15
io6ex2	hot	3	3559016.48
io6ex2	fb	3	3427115.45
io6ex2	d4k_19	3	1221272.00
io6ex2	bitcount16k	3	3270994.92
io6ex2	hgetall	3	372773.45
io6ex2	zrange	3	635307.40
redis	GET32	1	4404590.27
redis	MIX32	1	2748903.82
redis	d512_19	1	3212311.18
redis	d512_11	1	3049003.50
redis	hot	1	3360849.74
redis	fb	1	3202995.63
redis	d4k_19	1	1261778.26
redis	bitcount16k	1	2211029.63
redis	hgetall	1	278190.92
redis	zrange	1	481154.94
redis	GET32	2	4443856.40
redis	MIX32	2	2838870.89
redis	d512_19	2	3225197.86
redis	d512_11	2	3059204.89
redis	hot	2	3364430.79
redis	fb	2	3211888.03
redis	d4k_19	2	1273764.48
redis	bitcount16k	2	2209217.19
redis	hgetall	2	268972.80
redis	zrange	2	479464.42
redis	GET32	3	4386735.12
redis	MIX32	3	2745373.61
redis	d512_19	3	3246662.97
redis	d512_11	3	3085540.29
redis	hot	3	3369166.46
redis	fb	3	3213150.69
redis	d4k_19	3	1303518.07
redis	bitcount16k	3	2247723.91
redis	hgetall	3	276642.35
redis	zrange	3	468987.69
dfly	GET32	1	5763638.70
dfly	MIX32	1	5413027.62
dfly	d512_19	1	869236.52
dfly	d512_11	1	1332615.14
dfly	hot	1	823649.56
dfly	fb	1	2181959.24
dfly	d4k_19	1	633455.68
dfly	bitcount16k	1	1082783.19
dfly	hgetall	1	458177.04
dfly	zrange	1	821488.10
dfly	GET32	2	5761681.57
dfly	MIX32	2	5404432.21
dfly	d512_19	2	868342.33
dfly	d512_11	2	1323208.77
dfly	hot	2	810578.70
dfly	fb	2	2202313.73
dfly	d4k_19	2	629497.37
dfly	bitcount16k	2	1078764.37
dfly	hgetall	2	458763.12
dfly	zrange	2	819597.80
dfly	GET32	3	5712547.99
dfly	MIX32	3	5426205.95
dfly	d512_19	3	872261.73
dfly	d512_11	3	1320024.66
dfly	hot	3	812231.42
dfly	fb	3	2196843.13
dfly	d4k_19	3	630794.37
dfly	bitcount16k	3	1078461.66
dfly	hgetall	3	458884.92
dfly	zrange	3	818222.77
io5ex3	GET32	1	8094047.40
io5ex3	MIX32	1	6372938.75
io5ex3	d512_19	1	3079063.69
io5ex3	d512_11	1	2964036.52
io5ex3	hot	1	3086911.10
io5ex3	fb	1	3080826.06
io5ex3	d4k_19	1	1227665.07
io5ex3	bitcount16k	1	3879364.75
io5ex3	hgetall	1	476223.09
io5ex3	zrange	1	824242.80
io5ex3	GET32	2	8118746.31
io5ex3	MIX32	2	5705170.65
io5ex3	d512_19	2	3078050.81
io5ex3	d512_11	2	2968759.80
io5ex3	hot	2	3098032.78
io5ex3	fb	2	3078153.42
io5ex3	d4k_19	2	1263220.10
io5ex3	bitcount16k	2	3896696.86
io5ex3	hgetall	2	464964.97
io5ex3	zrange	2	829870.87
io5ex3	GET32	3	7562524.68
io5ex3	MIX32	3	5773101.25
io5ex3	d512_19	3	3083752.86
io5ex3	d512_11	3	3003389.11
io5ex3	hot	3	3057210.53
io5ex3	fb	3	3072454.48
io5ex3	d4k_19	3	1267647.89
io5ex3	bitcount16k	3	3833908.21
io5ex3	hgetall	3	469200.54
io5ex3	zrange	3	823209.17
io3ex5	GET32	1	6042431.53
io3ex5	MIX32	1	5678243.57
io3ex5	d512_19	1	1989053.95
io3ex5	d512_11	1	1956667.77
io3ex5	hot	1	1964649.16
io3ex5	fb	1	1956751.47
io3ex5	d4k_19	1	1032524.97
io3ex5	bitcount16k	1	2524342.60
io3ex5	hgetall	1	483082.14
io3ex5	zrange	1	858790.44
io3ex5	GET32	2	5996796.61
io3ex5	MIX32	2	5613342.94
io3ex5	d512_19	2	1962985.15
io3ex5	d512_11	2	1922265.30
io3ex5	hot	2	1961065.90
io3ex5	fb	2	1945690.85
io3ex5	d4k_19	2	1045441.01
io3ex5	bitcount16k	2	2569442.86
io3ex5	hgetall	2	484586.13
io3ex5	zrange	2	882033.05
io3ex5	GET32	3	6062577.66
io3ex5	MIX32	3	5585950.74
io3ex5	d512_19	3	1952666.05
io3ex5	d512_11	3	1934866.00
io3ex5	hot	3	1955965.25
io3ex5	fb	3	1944577.99
io3ex5	d4k_19	3	1046141.85
io3ex5	bitcount16k	3	2544848.37
io3ex5	hgetall	3	487331.99
io3ex5	zrange	3	879239.44
