config	cell	ops	note
allon_r1	SHORT	2617917.05	
allon_r1	LONGKEY	2564683.76	
struct0_r1	SHORT	2629220.42	
struct0_r1	LONGKEY	2563001.93	
argv0_r1	SHORT	2659495.43	
argv0_r1	LONGKEY	2541097.03	
keyobj0_r1	SHORT	2652832.63	
keyobj0_r1	LONGKEY	2593447.10	
keybytes0_r1	SHORT	2644655.62	
keybytes0_r1	LONGKEY	2555739.11	
bucket0_r1	SHORT	2655344.96	
bucket0_r1	LONGKEY	2581862.18	
p1_off_r1	SHORT	2647988.08	
p1_off_r1	LONGKEY	2549908.13	
all_off_r1	SHORT	2624700.68	
all_off_r1	LONGKEY	2583682.70	
allon_r2	SHORT	2645445.13	
allon_r2	LONGKEY	2562213.99	
struct0_r2	SHORT	2653304.00	
struct0_r2	LONGKEY	2550300.77	
argv0_r2	SHORT	2662927.23	
argv0_r2	LONGKEY	2572617.90	
keyobj0_r2	SHORT	2656981.93	
keyobj0_r2	LONGKEY	2584660.08	
keybytes0_r2	SHORT	2673475.15	
keybytes0_r2	LONGKEY	2565113.21	
bucket0_r2	SHORT	2666082.79	
bucket0_r2	LONGKEY	2566612.16	
p1_off_r2	SHORT	2662421.55	
p1_off_r2	LONGKEY	2563860.94	
all_off_r2	SHORT	2643452.98	
all_off_r2	LONGKEY	2581504.48	
