phase	rep	threads	alloc	system	dbsize	val	ratio	ops	crash
A	1	6	jem	2s_epoll	cache	16	1:9	5322883	0
A	1	6	jem	2s_epoll	cache	16	1:1	4878376	0
A	1	6	jem	2s_epoll	cache	16	1:0	3810044	0
A	1	6	jem	2s_epoll	cache	64	1:9	3677601	0
A	1	6	jem	2s_epoll	cache	64	1:1	3497580	0
A	1	6	jem	2s_epoll	cache	64	1:0	3496447	0
A	1	6	jem	2s_epoll	cache	256	1:9	3522536	0
A	1	6	jem	2s_epoll	cache	256	1:1	3389935	0
A	1	6	jem	2s_epoll	cache	256	1:0	3458815	0
A	1	6	jem	2s_epoll	cache	1024	1:9	2078586	0
A	1	6	jem	2s_epoll	cache	1024	1:1	2280916	0
A	1	6	jem	2s_epoll	cache	1024	1:0	2568207	0
A	1	6	jem	2s_epoll	cache	4096	1:9	580108	0
A	1	6	jem	2s_epoll	cache	4096	1:1	933147	0
A	1	6	jem	2s_epoll	cache	4096	1:0	1257886	0
A	1	6	jem	2s_epoll	cache	16384	1:9	307166	0
A	1	6	jem	2s_epoll	cache	16384	1:1	349310	0
A	1	6	jem	2s_epoll	cache	16384	1:0	397242	0
A	1	6	jem	2s_epoll	dram	16	1:9	4057308	0
A	1	6	jem	2s_epoll	dram	16	1:1	3865080	0
A	1	6	jem	2s_epoll	dram	16	1:0	3910972	0
A	1	6	jem	2s_epoll	dram	64	1:9	3803143	0
A	1	6	jem	2s_epoll	dram	64	1:1	3545342	0
A	1	6	jem	2s_epoll	dram	64	1:0	3446596	0
A	1	6	jem	2s_epoll	dram	256	1:9	3864308	0
A	1	6	jem	2s_epoll	dram	256	1:1	3336942	0
A	1	6	jem	2s_epoll	dram	256	1:0	3302133	0
A	1	6	jem	2s_epoll	dram	1024	1:9	2147270	0
A	1	6	jem	2s_epoll	dram	1024	1:1	2264089	0
A	1	6	jem	2s_epoll	dram	1024	1:0	2316297	0
A	1	6	jem	2s_epoll	dram	4096	1:9	605744	0
A	1	6	jem	2s_epoll	dram	4096	1:1	923130	0
A	1	6	jem	2s_epoll	dram	4096	1:0	1262103	0
A	1	6	jem	2s_epoll	dram	16384	1:9	311693	0
A	1	6	jem	2s_epoll	dram	16384	1:1	350588	0
A	1	6	jem	2s_epoll	dram	16384	1:0	395677	0
A	1	6	jem	2s_uring	cache	16	1:9	4650233	0
A	1	6	jem	2s_uring	cache	16	1:1	3860693	0
A	1	6	jem	2s_uring	cache	16	1:0	3941265	0
A	1	6	jem	2s_uring	cache	64	1:9	3983247	0
A	1	6	jem	2s_uring	cache	64	1:1	3586013	0
A	1	6	jem	2s_uring	cache	64	1:0	3635180	0
A	1	6	jem	2s_uring	cache	256	1:9	3744393	0
A	1	6	jem	2s_uring	cache	256	1:1	3402081	0
A	1	6	jem	2s_uring	cache	256	1:0	3417417	0
A	1	6	jem	2s_uring	cache	1024	1:9	2170748	0
A	1	6	jem	2s_uring	cache	1024	1:1	2379989	0
A	1	6	jem	2s_uring	cache	1024	1:0	2512701	0
A	1	6	jem	2s_uring	cache	4096	1:9	581841	0
A	1	6	jem	2s_uring	cache	4096	1:1	889359	0
A	1	6	jem	2s_uring	cache	4096	1:0	1296518	0
A	1	6	jem	2s_uring	cache	16384	1:9	308124	0
A	1	6	jem	2s_uring	cache	16384	1:1	351536	0
A	1	6	jem	2s_uring	cache	16384	1:0	375645	0
A	1	6	jem	2s_uring	dram	16	1:9	4039515	0
A	1	6	jem	2s_uring	dram	16	1:1	3771700	0
A	1	6	jem	2s_uring	dram	16	1:0	3784570	0
A	1	6	jem	2s_uring	dram	64	1:9	3821929	0
A	1	6	jem	2s_uring	dram	64	1:1	3450748	0
A	1	6	jem	2s_uring	dram	64	1:0	3391673	0
A	1	6	jem	2s_uring	dram	256	1:9	3631008	0
A	1	6	jem	2s_uring	dram	256	1:1	3256781	0
A	1	6	jem	2s_uring	dram	256	1:0	3128660	0
A	1	6	jem	2s_uring	dram	1024	1:9	1854936	0
A	1	6	jem	2s_uring	dram	1024	1:1	2106227	0
A	1	6	jem	2s_uring	dram	1024	1:0	2595261	0
A	1	6	jem	2s_uring	dram	4096	1:9	600501	0
A	1	6	jem	2s_uring	dram	4096	1:1	853819	0
A	1	6	jem	2s_uring	dram	4096	1:0	1240009	0
A	1	6	jem	2s_uring	dram	16384	1:9	313491	0
A	1	6	jem	2s_uring	dram	16384	1:1	367560	0
A	1	6	jem	2s_uring	dram	16384	1:0	391985	0
A	1	6	jem	3s_epoll	cache	16	1:9	4647908	0
A	1	6	jem	3s_epoll	cache	16	1:1	3954836	0
A	1	6	jem	3s_epoll	cache	16	1:0	4126921	0
A	1	6	jem	3s_epoll	cache	64	1:9	4134624	0
A	1	6	jem	3s_epoll	cache	64	1:1	3654483	0
A	1	6	jem	3s_epoll	cache	64	1:0	3640099	0
A	1	6	jem	3s_epoll	cache	256	1:9	4111712	0
A	1	6	jem	3s_epoll	cache	256	1:1	3541021	0
A	1	6	jem	3s_epoll	cache	256	1:0	3402026	0
A	1	6	jem	3s_epoll	cache	1024	1:9	1849943	0
A	1	6	jem	3s_epoll	cache	1024	1:1	2202952	0
A	1	6	jem	3s_epoll	cache	1024	1:0	2522638	0
A	1	6	jem	3s_epoll	cache	4096	1:9	0	0
A	1	6	jem	3s_epoll	cache	4096	1:1	0	0
A	1	6	jem	3s_epoll	cache	4096	1:0	0	0
A	1	6	jem	3s_epoll	cache	16384	1:9	0	0
A	1	6	jem	3s_epoll	cache	16384	1:1	0	0
A	1	6	jem	3s_epoll	cache	16384	1:0	0	0
A	1	6	jem	3s_epoll	dram	16	1:9	0	0
A	1	6	jem	3s_epoll	dram	16	1:1	0	0
A	1	6	jem	3s_epoll	dram	16	1:0	0	0
A	1	6	jem	3s_epoll	dram	64	1:9	0	0
A	1	6	jem	3s_epoll	dram	64	1:1	0	0
A	1	6	jem	3s_epoll	dram	64	1:0	0	0
A	1	6	jem	3s_epoll	dram	256	1:9	0	0
A	1	6	jem	3s_epoll	dram	256	1:1	0	0
A	1	6	jem	3s_epoll	dram	256	1:0	0	0
A	1	6	jem	3s_epoll	dram	1024	1:9	0	0
A	1	6	jem	3s_epoll	dram	1024	1:1	0	0
A	1	6	jem	3s_epoll	dram	1024	1:0	0	0
A	1	6	jem	3s_epoll	dram	4096	1:9	0	0
A	1	6	jem	3s_epoll	dram	4096	1:1	0	0
A	1	6	jem	3s_epoll	dram	4096	1:0	0	0
A	1	6	jem	3s_epoll	dram	16384	1:9	0	0
A	1	6	jem	3s_epoll	dram	16384	1:1	0	0
A	1	6	jem	3s_epoll	dram	16384	1:0	0	0
A	1	6	jem	3s_uring	cache	16	1:9	4838252	0
A	1	6	jem	3s_uring	cache	16	1:1	3971562	0
A	1	6	jem	3s_uring	cache	16	1:0	3971194	0
A	1	6	jem	3s_uring	cache	64	1:9	3984859	0
A	1	6	jem	3s_uring	cache	64	1:1	3844206	0
A	1	6	jem	3s_uring	cache	64	1:0	3529753	0
A	1	6	jem	3s_uring	cache	256	1:9	3832894	0
A	1	6	jem	3s_uring	cache	256	1:1	3450170	0
A	1	6	jem	3s_uring	cache	256	1:0	3384410	0
A	1	6	jem	3s_uring	cache	1024	1:9	1832993	0
A	1	6	jem	3s_uring	cache	1024	1:1	2358834	0
A	1	6	jem	3s_uring	cache	1024	1:0	2453094	0
A	1	6	jem	3s_uring	cache	4096	1:9	0	0
A	1	6	jem	3s_uring	cache	4096	1:1	0	0
A	1	6	jem	3s_uring	cache	4096	1:0	0	0
A	1	6	jem	3s_uring	cache	16384	1:9	0	0
A	1	6	jem	3s_uring	cache	16384	1:1	0	0
A	1	6	jem	3s_uring	cache	16384	1:0	0	0
A	1	6	jem	3s_uring	dram	16	1:9	0	0
A	1	6	jem	3s_uring	dram	16	1:1	0	0
A	1	6	jem	3s_uring	dram	16	1:0	0	0
A	1	6	jem	3s_uring	dram	64	1:9	0	0
A	1	6	jem	3s_uring	dram	64	1:1	0	0
A	1	6	jem	3s_uring	dram	64	1:0	0	0
A	1	6	jem	3s_uring	dram	256	1:9	0	0
A	1	6	jem	3s_uring	dram	256	1:1	0	0
A	1	6	jem	3s_uring	dram	256	1:0	0	0
A	1	6	jem	3s_uring	dram	1024	1:9	0	0
A	1	6	jem	3s_uring	dram	1024	1:1	0	0
A	1	6	jem	3s_uring	dram	1024	1:0	0	0
A	1	6	jem	3s_uring	dram	4096	1:9	0	0
A	1	6	jem	3s_uring	dram	4096	1:1	0	0
A	1	6	jem	3s_uring	dram	4096	1:0	0	0
A	1	6	jem	3s_uring	dram	16384	1:9	0	0
A	1	6	jem	3s_uring	dram	16384	1:1	0	0
A	1	6	jem	3s_uring	dram	16384	1:0	0	0
A	1	6	jem	3s_pool	cache	16	1:9	3766078	0
A	1	6	jem	3s_pool	cache	16	1:1	3329752	0
A	1	6	jem	3s_pool	cache	16	1:0	3302407	0
A	1	6	jem	3s_pool	cache	64	1:9	3455055	0
A	1	6	jem	3s_pool	cache	64	1:1	3157749	0
A	1	6	jem	3s_pool	cache	64	1:0	3189086	0
A	1	6	jem	3s_pool	cache	256	1:9	3377038	0
A	1	6	jem	3s_pool	cache	256	1:1	3159187	0
A	1	6	jem	3s_pool	cache	256	1:0	3073996	0
A	1	6	jem	3s_pool	cache	1024	1:9	1732714	0
A	1	6	jem	3s_pool	cache	1024	1:1	2149944	0
A	1	6	jem	3s_pool	cache	1024	1:0	2344054	0
A	1	6	jem	3s_pool	cache	4096	1:9	0	0
A	1	6	jem	3s_pool	cache	4096	1:1	0	0
A	1	6	jem	3s_pool	cache	4096	1:0	0	0
A	1	6	jem	3s_pool	cache	16384	1:9	0	0
A	1	6	jem	3s_pool	cache	16384	1:1	0	0
A	1	6	jem	3s_pool	cache	16384	1:0	0	0
A	1	6	jem	3s_pool	dram	16	1:9	0	0
A	1	6	jem	3s_pool	dram	16	1:1	0	0
A	1	6	jem	3s_pool	dram	16	1:0	0	0
A	1	6	jem	3s_pool	dram	64	1:9	0	0
A	1	6	jem	3s_pool	dram	64	1:1	0	0
A	1	6	jem	3s_pool	dram	64	1:0	0	0
A	1	6	jem	3s_pool	dram	256	1:9	0	0
A	1	6	jem	3s_pool	dram	256	1:1	0	0
A	1	6	jem	3s_pool	dram	256	1:0	0	0
A	1	6	jem	3s_pool	dram	1024	1:9	0	0
A	1	6	jem	3s_pool	dram	1024	1:1	0	0
A	1	6	jem	3s_pool	dram	1024	1:0	0	0
A	1	6	jem	3s_pool	dram	4096	1:9	0	0
A	1	6	jem	3s_pool	dram	4096	1:1	0	0
A	1	6	jem	3s_pool	dram	4096	1:0	0	0
A	1	6	jem	3s_pool	dram	16384	1:9	0	0
A	1	6	jem	3s_pool	dram	16384	1:1	0	0
A	1	6	jem	3s_pool	dram	16384	1:0	0	0
A	1	8	jem	2s_epoll	cache	16	1:9	4847172	0
A	1	8	jem	2s_epoll	cache	16	1:1	4548518	0
A	1	8	jem	2s_epoll	cache	16	1:0	4388819	0
A	1	8	jem	2s_epoll	cache	64	1:9	4527799	0
A	1	8	jem	2s_epoll	cache	64	1:1	3944221	0
A	1	8	jem	2s_epoll	cache	64	1:0	3948221	0
A	1	8	jem	2s_epoll	cache	256	1:9	4086048	0
A	1	8	jem	2s_epoll	cache	256	1:1	3789437	0
A	1	8	jem	2s_epoll	cache	256	1:0	3713097	0
A	1	8	jem	2s_epoll	cache	1024	1:9	2236735	0
A	1	8	jem	2s_epoll	cache	1024	1:1	2606830	0
A	1	8	jem	2s_epoll	cache	1024	1:0	2759485	0
A	1	8	jem	2s_epoll	cache	4096	1:9	596731	0
A	1	8	jem	2s_epoll	cache	4096	1:1	941936	0
A	1	8	jem	2s_epoll	cache	4096	1:0	1358193	0
A	1	8	jem	2s_epoll	cache	16384	1:9	303535	0
A	1	8	jem	2s_epoll	cache	16384	1:1	344245	0
A	1	8	jem	2s_epoll	cache	16384	1:0	407132	0
A	1	8	jem	2s_epoll	dram	16	1:9	4532709	0
A	1	8	jem	2s_epoll	dram	16	1:1	4145576	0
A	1	8	jem	2s_epoll	dram	16	1:0	4310837	0
A	1	8	jem	2s_epoll	dram	64	1:9	4121040	0
A	1	8	jem	2s_epoll	dram	64	1:1	3783297	0
A	1	8	jem	2s_epoll	dram	64	1:0	3749918	0
A	1	8	jem	2s_epoll	dram	256	1:9	4329377	0
A	1	8	jem	2s_epoll	dram	256	1:1	3689135	0
A	1	8	jem	2s_epoll	dram	256	1:0	3523002	0
A	1	8	jem	2s_epoll	dram	1024	1:9	2157952	0
A	1	8	jem	2s_epoll	dram	1024	1:1	2500078	0
A	1	8	jem	2s_epoll	dram	1024	1:0	2675432	0
A	1	8	jem	2s_epoll	dram	4096	1:9	592137	0
A	1	8	jem	2s_epoll	dram	4096	1:1	958707	0
A	1	8	jem	2s_epoll	dram	4096	1:0	1335534	0
A	1	8	jem	2s_epoll	dram	16384	1:9	305208	0
A	1	8	jem	2s_epoll	dram	16384	1:1	344397	0
A	1	8	jem	2s_epoll	dram	16384	1:0	408580	0
A	1	8	jem	2s_uring	cache	16	1:9	4671950	0
A	1	8	jem	2s_uring	cache	16	1:1	4172464	0
A	1	8	jem	2s_uring	cache	16	1:0	4595930	0
A	1	8	jem	2s_uring	cache	64	1:9	4325326	0
A	1	8	jem	2s_uring	cache	64	1:1	3931111	0
A	1	8	jem	2s_uring	cache	64	1:0	3906778	0
A	1	8	jem	2s_uring	cache	256	1:9	4024309	0
A	1	8	jem	2s_uring	cache	256	1:1	3773861	0
A	1	8	jem	2s_uring	cache	256	1:0	3691170	0
A	1	8	jem	2s_uring	cache	1024	1:9	2189753	0
A	1	8	jem	2s_uring	cache	1024	1:1	2606797	0
A	1	8	jem	2s_uring	cache	1024	1:0	2737448	0
A	1	8	jem	2s_uring	cache	4096	1:9	591817	0
A	1	8	jem	2s_uring	cache	4096	1:1	919369	0
A	1	8	jem	2s_uring	cache	4096	1:0	1379656	0
A	1	8	jem	2s_uring	cache	16384	1:9	305564	0
A	1	8	jem	2s_uring	cache	16384	1:1	345891	0
A	1	8	jem	2s_uring	cache	16384	1:0	405255	0
A	1	8	jem	2s_uring	dram	16	1:9	4308539	0
A	1	8	jem	2s_uring	dram	16	1:1	4100599	0
A	1	8	jem	2s_uring	dram	16	1:0	4133508	0
A	1	8	jem	2s_uring	dram	64	1:9	4153381	0
A	1	8	jem	2s_uring	dram	64	1:1	3769315	0
A	1	8	jem	2s_uring	dram	64	1:0	3812741	0
A	1	8	jem	2s_uring	dram	256	1:9	3853910	0
A	1	8	jem	2s_uring	dram	256	1:1	3590593	0
A	1	8	jem	2s_uring	dram	256	1:0	3503132	0
A	1	8	jem	2s_uring	dram	1024	1:9	2215918	0
A	1	8	jem	2s_uring	dram	1024	1:1	2407558	0
A	1	8	jem	2s_uring	dram	1024	1:0	2655473	0
A	1	8	jem	2s_uring	dram	4096	1:9	604545	0
A	1	8	jem	2s_uring	dram	4096	1:1	940483	0
A	1	8	jem	2s_uring	dram	4096	1:0	1298133	0
A	1	8	jem	2s_uring	dram	16384	1:9	303608	0
A	1	8	jem	2s_uring	dram	16384	1:1	344859	0
A	1	8	jem	2s_uring	dram	16384	1:0	399851	0
A	1	8	jem	3s_epoll	cache	16	1:9	4500311	0
A	1	8	jem	3s_epoll	cache	16	1:1	3750303	0
A	1	8	jem	3s_epoll	cache	16	1:0	3690339	0
A	1	8	jem	3s_epoll	cache	64	1:9	3716259	0
A	1	8	jem	3s_epoll	cache	64	1:1	3613178	0
A	1	8	jem	3s_epoll	cache	64	1:0	3503926	0
A	1	8	jem	3s_epoll	cache	256	1:9	3458843	0
A	1	8	jem	3s_epoll	cache	256	1:1	3395946	0
A	1	8	jem	3s_epoll	cache	256	1:0	3315371	0
A	1	8	jem	3s_epoll	cache	1024	1:9	1909418	0
A	1	8	jem	3s_epoll	cache	1024	1:1	2254631	0
A	1	8	jem	3s_epoll	cache	1024	1:0	2499570	0
A	1	8	jem	3s_epoll	cache	4096	1:9	0	0
A	1	8	jem	3s_epoll	cache	4096	1:1	0	0
A	1	8	jem	3s_epoll	cache	4096	1:0	0	0
A	1	8	jem	3s_epoll	cache	16384	1:9	0	0
A	1	8	jem	3s_epoll	cache	16384	1:1	0	0
A	1	8	jem	3s_epoll	cache	16384	1:0	0	0
A	1	8	jem	3s_epoll	dram	16	1:9	0	0
A	1	8	jem	3s_epoll	dram	16	1:1	0	0
A	1	8	jem	3s_epoll	dram	16	1:0	0	0
A	1	8	jem	3s_epoll	dram	64	1:9	0	0
A	1	8	jem	3s_epoll	dram	64	1:1	0	0
A	1	8	jem	3s_epoll	dram	64	1:0	0	0
A	1	8	jem	3s_epoll	dram	256	1:9	0	0
A	1	8	jem	3s_epoll	dram	256	1:1	0	0
A	1	8	jem	3s_epoll	dram	256	1:0	0	0
A	1	8	jem	3s_epoll	dram	1024	1:9	0	0
A	1	8	jem	3s_epoll	dram	1024	1:1	0	0
A	1	8	jem	3s_epoll	dram	1024	1:0	0	0
A	1	8	jem	3s_epoll	dram	4096	1:9	0	0
A	1	8	jem	3s_epoll	dram	4096	1:1	0	0
A	1	8	jem	3s_epoll	dram	4096	1:0	0	0
A	1	8	jem	3s_epoll	dram	16384	1:9	0	0
A	1	8	jem	3s_epoll	dram	16384	1:1	0	0
A	1	8	jem	3s_epoll	dram	16384	1:0	0	0
A	1	8	jem	3s_uring	cache	16	1:9	4393398	0
A	1	8	jem	3s_uring	cache	16	1:1	3659475	0
A	1	8	jem	3s_uring	cache	16	1:0	3619155	0
A	1	8	jem	3s_uring	cache	64	1:9	3700863	0
A	1	8	jem	3s_uring	cache	64	1:1	3449657	0
A	1	8	jem	3s_uring	cache	64	1:0	3636101	0
A	1	8	jem	3s_uring	cache	256	1:9	3496500	0
A	1	8	jem	3s_uring	cache	256	1:1	3321606	0
A	1	8	jem	3s_uring	cache	256	1:0	3324047	0
A	1	8	jem	3s_uring	cache	1024	1:9	1844795	0
A	1	8	jem	3s_uring	cache	1024	1:1	2093631	0
A	1	8	jem	3s_uring	cache	1024	1:0	2474362	0
A	1	8	jem	3s_uring	cache	4096	1:9	0	0
A	1	8	jem	3s_uring	cache	4096	1:1	0	0
A	1	8	jem	3s_uring	cache	4096	1:0	0	0
A	1	8	jem	3s_uring	cache	16384	1:9	0	0
A	1	8	jem	3s_uring	cache	16384	1:1	0	0
A	1	8	jem	3s_uring	cache	16384	1:0	0	0
A	1	8	jem	3s_uring	dram	16	1:9	0	0
A	1	8	jem	3s_uring	dram	16	1:1	0	0
A	1	8	jem	3s_uring	dram	16	1:0	0	0
A	1	8	jem	3s_uring	dram	64	1:9	0	0
A	1	8	jem	3s_uring	dram	64	1:1	0	0
A	1	8	jem	3s_uring	dram	64	1:0	0	0
A	1	8	jem	3s_uring	dram	256	1:9	0	0
A	1	8	jem	3s_uring	dram	256	1:1	0	0
A	1	8	jem	3s_uring	dram	256	1:0	0	0
A	1	8	jem	3s_uring	dram	1024	1:9	0	0
A	1	8	jem	3s_uring	dram	1024	1:1	0	0
A	1	8	jem	3s_uring	dram	1024	1:0	0	0
A	1	8	jem	3s_uring	dram	4096	1:9	0	0
A	1	8	jem	3s_uring	dram	4096	1:1	0	0
A	1	8	jem	3s_uring	dram	4096	1:0	0	0
A	1	8	jem	3s_uring	dram	16384	1:9	0	0
A	1	8	jem	3s_uring	dram	16384	1:1	0	0
A	1	8	jem	3s_uring	dram	16384	1:0	0	0
A	1	8	jem	3s_pool	cache	16	1:9	3990415	0
A	1	8	jem	3s_pool	cache	16	1:1	3719542	0
A	1	8	jem	3s_pool	cache	16	1:0	3474200	0
A	1	8	jem	3s_pool	cache	64	1:9	3687430	0
A	1	8	jem	3s_pool	cache	64	1:1	3476271	0
A	1	8	jem	3s_pool	cache	64	1:0	3589334	0
A	1	8	jem	3s_pool	cache	256	1:9	3551034	0
A	1	8	jem	3s_pool	cache	256	1:1	3411737	0
A	1	8	jem	3s_pool	cache	256	1:0	3456127	0
A	1	8	jem	3s_pool	cache	1024	1:9	1806218	0
A	1	8	jem	3s_pool	cache	1024	1:1	2108277	0
A	1	8	jem	3s_pool	cache	1024	1:0	2404677	0
A	1	8	jem	3s_pool	cache	4096	1:9	0	0
A	1	8	jem	3s_pool	cache	4096	1:1	0	0
A	1	8	jem	3s_pool	cache	4096	1:0	0	0
A	1	8	jem	3s_pool	cache	16384	1:9	0	0
A	1	8	jem	3s_pool	cache	16384	1:1	0	0
A	1	8	jem	3s_pool	cache	16384	1:0	0	0
A	1	8	jem	3s_pool	dram	16	1:9	0	0
A	1	8	jem	3s_pool	dram	16	1:1	0	0
A	1	8	jem	3s_pool	dram	16	1:0	0	0
A	1	8	jem	3s_pool	dram	64	1:9	0	0
A	1	8	jem	3s_pool	dram	64	1:1	0	0
A	1	8	jem	3s_pool	dram	64	1:0	0	0
A	1	8	jem	3s_pool	dram	256	1:9	0	0
A	1	8	jem	3s_pool	dram	256	1:1	0	0
A	1	8	jem	3s_pool	dram	256	1:0	0	0
A	1	8	jem	3s_pool	dram	1024	1:9	0	0
A	1	8	jem	3s_pool	dram	1024	1:1	0	0
A	1	8	jem	3s_pool	dram	1024	1:0	0	0
A	1	8	jem	3s_pool	dram	4096	1:9	0	0
A	1	8	jem	3s_pool	dram	4096	1:1	0	0
A	1	8	jem	3s_pool	dram	4096	1:0	0	0
A	1	8	jem	3s_pool	dram	16384	1:9	0	0
A	1	8	jem	3s_pool	dram	16384	1:1	0	0
A	1	8	jem	3s_pool	dram	16384	1:0	0	0
A	2	6	jem	2s_epoll	cache	16	1:9	4693348	0
A	2	6	jem	2s_epoll	cache	16	1:1	3888313	0
A	2	6	jem	2s_epoll	cache	16	1:0	3980031	0
A	2	6	jem	2s_epoll	cache	64	1:9	3960574	0
A	2	6	jem	2s_epoll	cache	64	1:1	3635917	0
A	2	6	jem	2s_epoll	cache	64	1:0	3876110	0
A	2	6	jem	2s_epoll	cache	256	1:9	3973952	0
A	2	6	jem	2s_epoll	cache	256	1:1	3401773	0
A	2	6	jem	2s_epoll	cache	256	1:0	3405102	0
A	2	6	jem	2s_epoll	cache	1024	1:9	2008408	0
A	2	6	jem	2s_epoll	cache	1024	1:1	2257815	0
A	2	6	jem	2s_epoll	cache	1024	1:0	2562481	0
A	2	6	jem	2s_epoll	cache	4096	1:9	618977	0
A	2	6	jem	2s_epoll	cache	4096	1:1	913905	0
A	2	6	jem	2s_epoll	cache	4096	1:0	1211659	0
A	2	6	jem	2s_epoll	cache	16384	1:9	313718	0
A	2	6	jem	2s_epoll	cache	16384	1:1	350464	0
A	2	6	jem	2s_epoll	cache	16384	1:0	399294	0
A	2	6	jem	2s_epoll	dram	16	1:9	4009588	0
A	2	6	jem	2s_epoll	dram	16	1:1	3837962	0
A	2	6	jem	2s_epoll	dram	16	1:0	3954632	0
A	2	6	jem	2s_epoll	dram	64	1:9	3881922	0
A	2	6	jem	2s_epoll	dram	64	1:1	3425070	0
A	2	6	jem	2s_epoll	dram	64	1:0	3414218	0
A	2	6	jem	2s_epoll	dram	256	1:9	3739734	0
A	2	6	jem	2s_epoll	dram	256	1:1	3274564	0
A	2	6	jem	2s_epoll	dram	256	1:0	3221193	0
A	2	6	jem	2s_epoll	dram	1024	1:9	2054946	0
A	2	6	jem	2s_epoll	dram	1024	1:1	2123811	0
A	2	6	jem	2s_epoll	dram	1024	1:0	2466871	0
A	2	6	jem	2s_epoll	dram	4096	1:9	566587	0
A	2	6	jem	2s_epoll	dram	4096	1:1	908634	0
A	2	6	jem	2s_epoll	dram	4096	1:0	1225663	0
A	2	6	jem	2s_epoll	dram	16384	1:9	312419	0
A	2	6	jem	2s_epoll	dram	16384	1:1	346391	0
A	2	6	jem	2s_epoll	dram	16384	1:0	400495	0
A	2	6	jem	2s_uring	cache	16	1:9	4633964	0
A	2	6	jem	2s_uring	cache	16	1:1	3855959	0
A	2	6	jem	2s_uring	cache	16	1:0	3831609	0
A	2	6	jem	2s_uring	cache	64	1:9	4279101	0
A	2	6	jem	2s_uring	cache	64	1:1	3583773	0
A	2	6	jem	2s_uring	cache	64	1:0	3714148	0
A	2	6	jem	2s_uring	cache	256	1:9	3709083	0
A	2	6	jem	2s_uring	cache	256	1:1	3412514	0
A	2	6	jem	2s_uring	cache	256	1:0	3495315	0
A	2	6	jem	2s_uring	cache	1024	1:9	2033156	0
A	2	6	jem	2s_uring	cache	1024	1:1	2464781	0
A	2	6	jem	2s_uring	cache	1024	1:0	2465466	0
A	2	6	jem	2s_uring	cache	4096	1:9	595485	0
A	2	6	jem	2s_uring	cache	4096	1:1	927450	0
A	2	6	jem	2s_uring	cache	4096	1:0	1388500	0
A	2	6	jem	2s_uring	cache	16384	1:9	308292	0
A	2	6	jem	2s_uring	cache	16384	1:1	345812	0
A	2	6	jem	2s_uring	cache	16384	1:0	357880	0
A	2	6	jem	2s_uring	dram	16	1:9	4122069	0
A	2	6	jem	2s_uring	dram	16	1:1	3828314	0
A	2	6	jem	2s_uring	dram	16	1:0	3870779	0
A	2	6	jem	2s_uring	dram	64	1:9	4019984	0
A	2	6	jem	2s_uring	dram	64	1:1	3445753	0
A	2	6	jem	2s_uring	dram	64	1:0	3411646	0
A	2	6	jem	2s_uring	dram	256	1:9	3757284	0
A	2	6	jem	2s_uring	dram	256	1:1	3276482	0
A	2	6	jem	2s_uring	dram	256	1:0	3181841	0
A	2	6	jem	2s_uring	dram	1024	1:9	2014636	0
A	2	6	jem	2s_uring	dram	1024	1:1	2290819	0
A	2	6	jem	2s_uring	dram	1024	1:0	2352266	0
A	2	6	jem	2s_uring	dram	4096	1:9	580874	0
A	2	6	jem	2s_uring	dram	4096	1:1	906285	0
A	2	6	jem	2s_uring	dram	4096	1:0	1286124	0
A	2	6	jem	2s_uring	dram	16384	1:9	308117	0
A	2	6	jem	2s_uring	dram	16384	1:1	343460	0
A	2	6	jem	2s_uring	dram	16384	1:0	399148	0
A	2	6	jem	3s_epoll	cache	16	1:9	4707454	0
A	2	6	jem	3s_epoll	cache	16	1:1	3691272	0
A	2	6	jem	3s_epoll	cache	16	1:0	4083495	0
A	2	6	jem	3s_epoll	cache	64	1:9	4052834	0
A	2	6	jem	3s_epoll	cache	64	1:1	3718133	0
A	2	6	jem	3s_epoll	cache	64	1:0	3833666	0
A	2	6	jem	3s_epoll	cache	256	1:9	3787656	0
A	2	6	jem	3s_epoll	cache	256	1:1	3615423	0
A	2	6	jem	3s_epoll	cache	256	1:0	3449449	0
A	2	6	jem	3s_epoll	cache	1024	1:9	1914756	0
A	2	6	jem	3s_epoll	cache	1024	1:1	2256131	0
A	2	6	jem	3s_epoll	cache	1024	1:0	2594056	0
A	2	6	jem	3s_epoll	cache	4096	1:9	0	0
A	2	6	jem	3s_epoll	cache	4096	1:1	0	0
A	2	6	jem	3s_epoll	cache	4096	1:0	0	0
A	2	6	jem	3s_epoll	cache	16384	1:9	0	0
A	2	6	jem	3s_epoll	cache	16384	1:1	0	0
A	2	6	jem	3s_epoll	cache	16384	1:0	0	0
A	2	6	jem	3s_epoll	dram	16	1:9	0	0
A	2	6	jem	3s_epoll	dram	16	1:1	0	0
A	2	6	jem	3s_epoll	dram	16	1:0	0	0
A	2	6	jem	3s_epoll	dram	64	1:9	0	0
A	2	6	jem	3s_epoll	dram	64	1:1	0	0
A	2	6	jem	3s_epoll	dram	64	1:0	0	0
A	2	6	jem	3s_epoll	dram	256	1:9	0	0
A	2	6	jem	3s_epoll	dram	256	1:1	0	0
A	2	6	jem	3s_epoll	dram	256	1:0	0	0
A	2	6	jem	3s_epoll	dram	1024	1:9	0	0
A	2	6	jem	3s_epoll	dram	1024	1:1	0	0
A	2	6	jem	3s_epoll	dram	1024	1:0	0	0
A	2	6	jem	3s_epoll	dram	4096	1:9	0	0
A	2	6	jem	3s_epoll	dram	4096	1:1	0	0
A	2	6	jem	3s_epoll	dram	4096	1:0	0	0
A	2	6	jem	3s_epoll	dram	16384	1:9	0	0
A	2	6	jem	3s_epoll	dram	16384	1:1	0	0
A	2	6	jem	3s_epoll	dram	16384	1:0	0	0
A	2	6	jem	3s_uring	cache	16	1:9	4589760	0
A	2	6	jem	3s_uring	cache	16	1:1	3925378	0
A	2	6	jem	3s_uring	cache	16	1:0	4024632	0
A	2	6	jem	3s_uring	cache	64	1:9	4008735	0
A	2	6	jem	3s_uring	cache	64	1:1	3573738	0
A	2	6	jem	3s_uring	cache	64	1:0	3752767	0
A	2	6	jem	3s_uring	cache	256	1:9	3777451	0
A	2	6	jem	3s_uring	cache	256	1:1	3428848	0
A	2	6	jem	3s_uring	cache	256	1:0	3382597	0
A	2	6	jem	3s_uring	cache	1024	1:9	1804587	0
A	2	6	jem	3s_uring	cache	1024	1:1	2180697	0
A	2	6	jem	3s_uring	cache	1024	1:0	2548405	0
A	2	6	jem	3s_uring	cache	4096	1:9	0	0
A	2	6	jem	3s_uring	cache	4096	1:1	0	0
A	2	6	jem	3s_uring	cache	4096	1:0	0	0
A	2	6	jem	3s_uring	cache	16384	1:9	0	0
A	2	6	jem	3s_uring	cache	16384	1:1	0	0
A	2	6	jem	3s_uring	cache	16384	1:0	0	0
A	2	6	jem	3s_uring	dram	16	1:9	0	0
A	2	6	jem	3s_uring	dram	16	1:1	0	0
A	2	6	jem	3s_uring	dram	16	1:0	0	0
A	2	6	jem	3s_uring	dram	64	1:9	0	0
A	2	6	jem	3s_uring	dram	64	1:1	0	0
A	2	6	jem	3s_uring	dram	64	1:0	0	0
A	2	6	jem	3s_uring	dram	256	1:9	0	0
A	2	6	jem	3s_uring	dram	256	1:1	0	0
A	2	6	jem	3s_uring	dram	256	1:0	0	0
A	2	6	jem	3s_uring	dram	1024	1:9	0	0
A	2	6	jem	3s_uring	dram	1024	1:1	0	0
A	2	6	jem	3s_uring	dram	1024	1:0	0	0
A	2	6	jem	3s_uring	dram	4096	1:9	0	0
A	2	6	jem	3s_uring	dram	4096	1:1	0	0
A	2	6	jem	3s_uring	dram	4096	1:0	0	0
A	2	6	jem	3s_uring	dram	16384	1:9	0	0
A	2	6	jem	3s_uring	dram	16384	1:1	0	0
A	2	6	jem	3s_uring	dram	16384	1:0	0	0
A	2	6	jem	3s_pool	cache	16	1:9	3989495	0
A	2	6	jem	3s_pool	cache	16	1:1	3374446	0
A	2	6	jem	3s_pool	cache	16	1:0	3263821	0
A	2	6	jem	3s_pool	cache	64	1:9	3409492	0
A	2	6	jem	3s_pool	cache	64	1:1	3203611	0
A	2	6	jem	3s_pool	cache	64	1:0	3122109	0
A	2	6	jem	3s_pool	cache	256	1:9	3401745	0
A	2	6	jem	3s_pool	cache	256	1:1	3058128	0
A	2	6	jem	3s_pool	cache	256	1:0	2971987	0
A	2	6	jem	3s_pool	cache	1024	1:9	1835793	0
A	2	6	jem	3s_pool	cache	1024	1:1	2074594	0
A	2	6	jem	3s_pool	cache	1024	1:0	2329253	0
A	2	6	jem	3s_pool	cache	4096	1:9	0	0
A	2	6	jem	3s_pool	cache	4096	1:1	0	0
A	2	6	jem	3s_pool	cache	4096	1:0	0	0
A	2	6	jem	3s_pool	cache	16384	1:9	0	0
A	2	6	jem	3s_pool	cache	16384	1:1	0	0
A	2	6	jem	3s_pool	cache	16384	1:0	0	0
A	2	6	jem	3s_pool	dram	16	1:9	0	0
A	2	6	jem	3s_pool	dram	16	1:1	0	0
A	2	6	jem	3s_pool	dram	16	1:0	0	0
A	2	6	jem	3s_pool	dram	64	1:9	0	0
A	2	6	jem	3s_pool	dram	64	1:1	0	0
A	2	6	jem	3s_pool	dram	64	1:0	0	0
A	2	6	jem	3s_pool	dram	256	1:9	0	0
A	2	6	jem	3s_pool	dram	256	1:1	0	0
A	2	6	jem	3s_pool	dram	256	1:0	0	0
A	2	6	jem	3s_pool	dram	1024	1:9	0	0
A	2	6	jem	3s_pool	dram	1024	1:1	0	0
A	2	6	jem	3s_pool	dram	1024	1:0	0	0
A	2	6	jem	3s_pool	dram	4096	1:9	0	0
A	2	6	jem	3s_pool	dram	4096	1:1	0	0
A	2	6	jem	3s_pool	dram	4096	1:0	0	0
A	2	6	jem	3s_pool	dram	16384	1:9	0	0
A	2	6	jem	3s_pool	dram	16384	1:1	0	0
A	2	6	jem	3s_pool	dram	16384	1:0	0	0
A	2	8	jem	2s_epoll	cache	16	1:9	5082239	0
A	2	8	jem	2s_epoll	cache	16	1:1	4255426	0
A	2	8	jem	2s_epoll	cache	16	1:0	4383189	0
A	2	8	jem	2s_epoll	cache	64	1:9	4300420	0
A	2	8	jem	2s_epoll	cache	64	1:1	3962995	0
A	2	8	jem	2s_epoll	cache	64	1:0	3934565	0
A	2	8	jem	2s_epoll	cache	256	1:9	4534843	0
A	2	8	jem	2s_epoll	cache	256	1:1	3805521	0
A	2	8	jem	2s_epoll	cache	256	1:0	3729136	0
A	2	8	jem	2s_epoll	cache	1024	1:9	2163887	0
A	2	8	jem	2s_epoll	cache	1024	1:1	2373216	0
A	2	8	jem	2s_epoll	cache	1024	1:0	2775506	0
A	2	8	jem	2s_epoll	cache	4096	1:9	624685	0
A	2	8	jem	2s_epoll	cache	4096	1:1	875481	0
A	2	8	jem	2s_epoll	cache	4096	1:0	1343536	0
A	2	8	jem	2s_epoll	cache	16384	1:9	302696	0
A	2	8	jem	2s_epoll	cache	16384	1:1	343225	0
A	2	8	jem	2s_epoll	cache	16384	1:0	397697	0
A	2	8	jem	2s_epoll	dram	16	1:9	4368193	0
A	2	8	jem	2s_epoll	dram	16	1:1	4190029	0
A	2	8	jem	2s_epoll	dram	16	1:0	4357320	0
A	2	8	jem	2s_epoll	dram	64	1:9	4029195	0
A	2	8	jem	2s_epoll	dram	64	1:1	3814029	0
A	2	8	jem	2s_epoll	dram	64	1:0	3719012	0
A	2	8	jem	2s_epoll	dram	256	1:9	3973192	0
A	2	8	jem	2s_epoll	dram	256	1:1	3679421	0
A	2	8	jem	2s_epoll	dram	256	1:0	3627931	0
A	2	8	jem	2s_epoll	dram	1024	1:9	2241767	0
A	2	8	jem	2s_epoll	dram	1024	1:1	2415046	0
A	2	8	jem	2s_epoll	dram	1024	1:0	2690229	0
A	2	8	jem	2s_epoll	dram	4096	1:9	581005	0
A	2	8	jem	2s_epoll	dram	4096	1:1	909878	0
A	2	8	jem	2s_epoll	dram	4096	1:0	1430406	0
A	2	8	jem	2s_epoll	dram	16384	1:9	302762	0
A	2	8	jem	2s_epoll	dram	16384	1:1	332777	0
A	2	8	jem	2s_epoll	dram	16384	1:0	393908	0
A	2	8	jem	2s_uring	cache	16	1:9	4936238	0
A	2	8	jem	2s_uring	cache	16	1:1	4182632	0
A	2	8	jem	2s_uring	cache	16	1:0	4254776	0
A	2	8	jem	2s_uring	cache	64	1:9	4201088	0
A	2	8	jem	2s_uring	cache	64	1:1	4217874	0
A	2	8	jem	2s_uring	cache	64	1:0	3911849	0
A	2	8	jem	2s_uring	cache	256	1:9	3950535	0
A	2	8	jem	2s_uring	cache	256	1:1	3491699	0
A	2	8	jem	2s_uring	cache	256	1:0	3681992	0
A	2	8	jem	2s_uring	cache	1024	1:9	2218859	0
A	2	8	jem	2s_uring	cache	1024	1:1	2681209	0
A	2	8	jem	2s_uring	cache	1024	1:0	2730822	0
A	2	8	jem	2s_uring	cache	4096	1:9	596943	0
A	2	8	jem	2s_uring	cache	4096	1:1	888528	0
A	2	8	jem	2s_uring	cache	4096	1:0	1498162	0
A	2	8	jem	2s_uring	cache	16384	1:9	303510	0
A	2	8	jem	2s_uring	cache	16384	1:1	347167	0
A	2	8	jem	2s_uring	cache	16384	1:0	401464	0
A	2	8	jem	2s_uring	dram	16	1:9	4368417	0
A	2	8	jem	2s_uring	dram	16	1:1	4104348	0
A	2	8	jem	2s_uring	dram	16	1:0	4149051	0
A	2	8	jem	2s_uring	dram	64	1:9	4174452	0
A	2	8	jem	2s_uring	dram	64	1:1	3760226	0
A	2	8	jem	2s_uring	dram	64	1:0	3642658	0
A	2	8	jem	2s_uring	dram	256	1:9	3935524	0
A	2	8	jem	2s_uring	dram	256	1:1	3628646	0
A	2	8	jem	2s_uring	dram	256	1:0	3477887	0
A	2	8	jem	2s_uring	dram	1024	1:9	2276853	0
A	2	8	jem	2s_uring	dram	1024	1:1	2619142	0
A	2	8	jem	2s_uring	dram	1024	1:0	2664982	0
A	2	8	jem	2s_uring	dram	4096	1:9	593468	0
A	2	8	jem	2s_uring	dram	4096	1:1	919551	0
A	2	8	jem	2s_uring	dram	4096	1:0	1410771	0
A	2	8	jem	2s_uring	dram	16384	1:9	324866	0
A	2	8	jem	2s_uring	dram	16384	1:1	340878	0
A	2	8	jem	2s_uring	dram	16384	1:0	396914	0
A	2	8	jem	3s_epoll	cache	16	1:9	4352194	0
A	2	8	jem	3s_epoll	cache	16	1:1	3886041	0
A	2	8	jem	3s_epoll	cache	16	1:0	3676616	0
A	2	8	jem	3s_epoll	cache	64	1:9	3656943	0
A	2	8	jem	3s_epoll	cache	64	1:1	3479140	0
A	2	8	jem	3s_epoll	cache	64	1:0	3557711	0
A	2	8	jem	3s_epoll	cache	256	1:9	3464211	0
A	2	8	jem	3s_epoll	cache	256	1:1	3354057	0
A	2	8	jem	3s_epoll	cache	256	1:0	3376568	0
A	2	8	jem	3s_epoll	cache	1024	1:9	1795418	0
A	2	8	jem	3s_epoll	cache	1024	1:1	2168275	0
A	2	8	jem	3s_epoll	cache	1024	1:0	2514006	0
A	2	8	jem	3s_epoll	cache	4096	1:9	0	0
A	2	8	jem	3s_epoll	cache	4096	1:1	0	0
A	2	8	jem	3s_epoll	cache	4096	1:0	0	0
A	2	8	jem	3s_epoll	cache	16384	1:9	0	0
A	2	8	jem	3s_epoll	cache	16384	1:1	0	0
A	2	8	jem	3s_epoll	cache	16384	1:0	0	0
A	2	8	jem	3s_epoll	dram	16	1:9	0	0
A	2	8	jem	3s_epoll	dram	16	1:1	0	0
A	2	8	jem	3s_epoll	dram	16	1:0	0	0
A	2	8	jem	3s_epoll	dram	64	1:9	0	0
A	2	8	jem	3s_epoll	dram	64	1:1	0	0
