REFERENCE-DICT-GET	841442
REFERENCE-DICT-GET	836067
REFERENCE-DICT-GET	833808
REFERENCE-DICT-GET	830186
REFERENCE-DICT-GET	836534
REFERENCE-DICT-GET	839996
REFERENCE-DICT-GET	837364
REFERENCE-DICT-GET	835627
REFERENCE-DICT-GET	833977
REFERENCE-DICT-GET	831740
REFERENCE-DICT-SET	829328
REFERENCE-DICT-SET	821432
REFERENCE-DICT-SET	817727
REFERENCE-DICT-SET	819698
REFERENCE-DICT-SET	825477
REFERENCE-DICT-SET	828040
REFERENCE-DICT-SET	817599
REFERENCE-DICT-SET	821262
REFERENCE-DICT-SET	819023
REFERENCE-DICT-SET	820721
REFERENCE-FLAT-GET	8155710
REFERENCE-FLAT-GET	8118141
REFERENCE-FLAT-GET	8110103
REFERENCE-FLAT-GET	8014773
REFERENCE-FLAT-GET	8010908
REFERENCE-FLAT-GET	7993445
REFERENCE-FLAT-GET	7991817
REFERENCE-FLAT-GET	7988247
REFERENCE-FLAT-GET	7926372
REFERENCE-FLAT-GET	7921887
REFERENCE-FLAT-SET	6915453
REFERENCE-FLAT-SET	6934125
REFERENCE-FLAT-SET	6876850
REFERENCE-FLAT-SET	6864629
REFERENCE-FLAT-SET	6856650
REFERENCE-FLAT-SET	6843890
REFERENCE-FLAT-SET	6832098
REFERENCE-FLAT-SET	6831263
REFERENCE-FLAT-SET	6917122
REFERENCE-FLAT-SET	6996496
